Session_ID,Event_Count
1000US_1,1
1001PL_1,1
1001PL_2,9
1001PL_3,108
1001PL_4,1
1001PL_5,34
1002PL_1,1
1002PL_2,4
1006PL_1,4
1006PL_2,1
1008PL_1,1
1008PL_2,6
100PL_1,1
100PL_2,318
100PL_3,485
1012PL_1,1
1012PL_2,12
1017PL_1,1
1017PL_2,4
1019PL_1,1
1019PL_2,485
1019PL_3,1
1019PL_4,80
101PL_1,1
101PL_2,9
101PL_3,1
101PL_4,4
1020PL_1,1
1020PL_2,10
1020PL_3,1
1020PL_4,2
1021PL_1,1
1021PL_2,19
1023PL_1,1
1023PL_2,4
1024PL_1,1
1024PL_2,26
1027PL_1,1
1027PL_2,3
1027PL_3,1
1027PL_4,1
1027PL_5,1
1027PL_6,4
1027PL_7,1
1034PL_1,1
1034PL_2,36
1034PL_3,54
1034PL_4,20
1037PL_1,1
1037PL_10,5
1037PL_11,1
1037PL_12,2
1037PL_2,3
1037PL_3,1
1037PL_4,8
1037PL_5,1
1037PL_6,5
1037PL_7,1
1037PL_8,5
1037PL_9,1
1038PL_1,1
1038PL_2,113
103PL_1,1
103PL_2,9
103PL_3,1
103PL_4,17
103PL_5,1
1040PL_1,1
1040PL_2,3
1040PL_3,1
1040PL_4,4
1040PL_5,1
1040PL_6,1
1040PL_7,9
1045PL_1,1
1045PL_2,5
1046PL_1,1
1046PL_2,7
1047PL_1,80
1048PL_1,1
1048PL_2,11
1048PL_3,1
1048PL_4,10
1048PL_5,1
1048PL_6,5
1049PL_1,1
1049PL_2,5
104PL_1,1
104PL_2,5
104PL_3,1
104PL_4,5
104PL_5,1
104PL_6,2
1051PL_1,1
1051PL_2,5
1052PL_1,1
1052PL_2,4
1052PL_3,1
1052PL_4,3
1053PL_1,1
1053PL_2,26
1053PL_3,1
1053PL_4,2
1054PL_1,1
1054PL_2,8
1055PL_1,1
1055PL_2,40
1055PL_3,1
1055PL_4,2
1058PL_1,1
1058PL_2,3
1058PL_3,1
1058PL_4,1
1058PL_5,1
1062US_1,1
1062US_2,1
1063PL_1,1
1063PL_2,6
1064PL_1,1
1064PL_2,5
1068PL_1,1
1068PL_2,10
1068PL_3,1
1068PL_4,2
1072PL_1,1
1072PL_2,56
1072PL_3,1
1072PL_4,6
1074PL_1,1
1074PL_2,15
1074PL_3,1
1074PL_4,4
1076US_1,1
1077PL_1,1
1077PL_2,7
1082PL_1,1
1084PL_1,1
1085PL_1,1
1085PL_2,5
1086PL_1,1
1086PL_2,54
1087PL_1,664
1087PL_2,31
1087PL_3,134
1089PL_1,1
1089PL_2,95
1089PL_3,30
1089PL_4,179
1093PL_1,1
1093PL_2,5
1093PL_3,1
1093PL_4,1
1093PL_5,1
1096PL_1,1
1096PL_10,55
1096PL_2,3
1096PL_3,1
1096PL_4,106
1096PL_5,1
1096PL_6,2
1096PL_7,1
1096PL_8,19
1096PL_9,1
1097PL_1,1
1097PL_2,8
1097PL_3,1
1097PL_4,3
109CA_1,1
109CA_10,3
109CA_2,88
109CA_3,1
109CA_4,30
109CA_5,1
109CA_6,36
109CA_7,1
109CA_8,3
109CA_9,1
10PL_1,334
10PL_10,524
10PL_2,314
10PL_3,1
10PL_4,1
10PL_5,1
10PL_6,43
10PL_7,1
10PL_8,21
10PL_9,1
1100PL_1,1
1100PL_2,11
1100PL_3,1
1100PL_4,2
1101PL_1,1
1101PL_2,7
1103PL_1,1
1103PL_2,5
1103PL_3,1
1103PL_4,3
1104PL_1,1
1104PL_2,5
1104PL_3,1
1104PL_4,1
1105PL_1,1
1105PL_2,5
1108PL_1,1
1108PL_2,4
1108PL_3,1
1108PL_4,4
1108PL_5,1
1108PL_6,9
1109PL_1,1
1109PL_2,2
110PL_1,4
1110PL_1,1
1110PL_2,24
1111PL_1,1
1111PL_2,2
1111PL_3,1
1111PL_4,13
1111PL_5,1
1111PL_6,1
1111PL_7,1
1111PL_8,1
1112PL_1,1
1112PL_2,17
1112PL_3,1
1112PL_4,4
1116PL_1,1
1116PL_2,7
1118PL_1,8
1118PL_2,42
1118PL_3,3
1118PL_4,33
1119PL_1,1
1119PL_2,9
1119PL_3,1
1119PL_4,3
1119PL_5,1
1119PL_6,31
1119PL_7,1
1119PL_8,6
1120NL_1,1
1120NL_2,5
1121US_1,1
1123PL_1,1
1123PL_2,4
1124US_1,1
1126PL_1,1
1126PL_2,5
1130PL_1,1
1130PL_2,6
1131GB_1,1
1131GB_2,8
1133PL_1,1
1133PL_2,28
1133PL_3,1
1133PL_4,2
1135PL_1,1
1135PL_2,6
1135PL_3,1
1135PL_4,4
1136PL_1,1
1136PL_2,27
1136PL_3,1
1136PL_4,5
1136PL_5,1
1143PL_1,1
1143PL_10,9
1143PL_2,16
1143PL_3,1
1143PL_4,2
1143PL_5,1
1143PL_6,4
1143PL_7,1
1143PL_8,3
1143PL_9,1
1144PL_1,3
1144PL_2,86
1144PL_3,6
1144PL_4,29
1144PL_5,2
1144PL_6,11
1144PL_7,13
1147PL_1,1
1147PL_2,8
1148US_1,1
1149PL_1,1
1149PL_2,3
1149PL_3,1
1149PL_4,3
114PL_1,1
114PL_2,14
1152PL_1,1
1152PL_2,3
1152PL_3,1
1152PL_4,3
1153PL_1,1
1153PL_2,3
1153PL_3,1
1155PL_1,1
1155PL_2,3
1159PL_1,1
1159PL_2,17
1159PL_3,1
1159PL_4,2
115US_1,1
115US_10,4
115US_11,1
115US_12,4
115US_13,1
115US_14,4
115US_15,1
115US_16,4
115US_17,1
115US_18,4
115US_19,1
115US_2,3
115US_20,3
115US_21,1
115US_22,4
115US_23,1
115US_24,4
115US_25,1
115US_26,4
115US_27,1
115US_28,4
115US_3,1
115US_4,4
115US_5,1
115US_6,3
115US_7,1
115US_8,3
115US_9,1
1160PL_1,1
1160PL_2,7
1161PL_1,10
1161PL_2,8
1161PL_3,1
1161PL_4,5
1162PL_1,17
1162PL_2,1
1163PL_1,1
1163PL_2,7
1165PL_1,1
1165PL_2,6
1169PL_1,1
1169PL_2,6
1170PL_1,1
1170PL_2,5
1172PL_1,1
1172PL_2,7
1177PL_1,1
1177PL_2,3
1177PL_3,1
1177PL_4,1
1179PL_1,1
1179PL_2,91
1179PL_3,1
1179PL_4,3
1179PL_5,1
1179PL_6,3
117PL_1,5
1182PL_1,1
1182PL_2,29
1182PL_3,1
1182PL_4,4
1184PL_1,1
1184PL_2,4
1186PL_1,1
1186PL_2,4
1187PL_1,1
1187PL_2,3
1187PL_3,1
1187PL_4,2
118PL_1,1
118PL_10,1
118PL_11,6
118PL_12,1
118PL_13,4
118PL_14,1
118PL_15,11
118PL_16,1
118PL_17,33
118PL_18,1
118PL_19,1
118PL_2,3
118PL_20,1
118PL_21,10
118PL_22,1
118PL_23,3
118PL_24,1
118PL_25,6
118PL_26,1
118PL_27,11
118PL_28,1
118PL_29,1
118PL_3,1
118PL_30,1
118PL_31,1
118PL_32,2
118PL_33,1
118PL_34,6
118PL_35,1
118PL_36,24
118PL_37,1
118PL_38,5
118PL_4,6
118PL_5,1
118PL_6,1
118PL_7,8
118PL_8,1
118PL_9,21
1194PL_1,1
1195PL_1,1
1195PL_2,8
1195PL_3,1
1195PL_4,7
1196PL_1,1
1196PL_2,6
1197PL_1,1
1197PL_2,8
1197PL_3,1
1197PL_4,3
1197PL_5,1
1197PL_6,2
1199PL_1,1
1199PL_2,3
1199PL_3,1
1199PL_4,5
1200PL_1,1
1200PL_2,7
1200PL_3,2
1200PL_4,1
1200PL_5,9
1201PL_1,133
1201PL_2,1
1201PL_3,6
1201PL_4,1
1201PL_5,9
1203PL_1,1
1203PL_2,3
1203PL_3,1
1203PL_4,1
1203PL_5,1
1204PL_1,1
1204PL_2,17
1204PL_3,20
1204PL_4,1
1204PL_5,9
1205PL_1,1
1205PL_2,6
1205PL_3,1
1206PL_1,1
1206PL_2,32
1206PL_3,1
1206PL_4,5
1207DE_1,1
1207DE_2,4
1207DE_3,1
1207DE_4,11
1207DE_5,1
1207DE_6,3
1212US_1,1
1213PL_1,1
1213PL_2,4
1215PL_1,1
1215PL_2,3
1217PL_1,1
1217PL_10,15
1217PL_11,1
1217PL_12,2
1217PL_2,21
1217PL_3,1
1217PL_4,38
1217PL_5,1
1217PL_6,2
1217PL_7,1
1217PL_8,3
1217PL_9,1
1222PL_1,1
1222PL_2,15
1224PL_1,58
1226PL_1,1
1226PL_2,2
1228PL_1,1
1228PL_10,8
1228PL_2,5
1228PL_3,1
1228PL_4,4
1228PL_5,1
1228PL_6,4
1228PL_7,1
1228PL_8,4
1228PL_9,1
1230PL_1,1
1230PL_2,5
1232PL_1,1
1232PL_2,3
1234PL_1,1
1234PL_2,2
1234PL_3,1
1234PL_4,5
1234PL_5,1
1234PL_6,1
1234PL_7,1
1234PL_8,2
1235PL_1,1
1235PL_2,4
1236PL_1,1
1236PL_2,7
1238PL_1,1
1238PL_10,5
1238PL_11,1
1238PL_12,6
1238PL_13,1
1238PL_14,11
1238PL_15,1
1238PL_16,8
1238PL_17,1
1238PL_18,5
1238PL_19,1
1238PL_2,3
1238PL_20,2
1238PL_21,1
1238PL_22,22
1238PL_3,1
1238PL_4,5
1238PL_5,1
1238PL_6,3
1238PL_7,1
1238PL_8,3
1238PL_9,1
123PL_1,2
1240PL_1,1
1240PL_2,9
1241PL_1,1
1241PL_2,5
1242PL_1,1
1242PL_2,154
1242PL_3,1
1242PL_4,9
1244PL_1,1
1244PL_2,6
1249PL_1,1
1249PL_2,11
1252PL_1,1
1252PL_2,5
1252PL_3,1
1252PL_4,5
1254PL_1,10
1255PL_1,1
1255PL_2,5
125PL_1,1
125PL_2,1
125PL_3,1
125PL_4,1
125PL_5,1
1264PL_1,1
1264PL_2,16
1264PL_3,1
1265PL_1,1
1265PL_2,5
1267RO_1,1
1267RO_10,3
1267RO_2,2
1267RO_3,1
1267RO_4,7
1267RO_5,1
1267RO_6,11
1267RO_7,1
1267RO_8,4
1267RO_9,1
1269PL_1,1
1272PL_1,1
1272PL_2,2
1272PL_3,1
1272PL_4,4
1274PL_1,1
1274PL_2,2
1274PL_3,1
1274PL_4,1
1276US_1,1
1279PL_1,1
1279PL_2,5
127PL_1,1
127PL_2,81
1280PL_1,1
1280PL_2,2322
1286PL_1,1
1286PL_2,8
1287PL_1,1
1287PL_10,4
1287PL_11,1
1287PL_12,5
1287PL_13,1
1287PL_14,12
1287PL_2,7
1287PL_3,7
1287PL_4,1
1287PL_5,63
1287PL_6,2
1287PL_7,23
1287PL_8,387
1287PL_9,1
1288PL_1,1
1288PL_2,4
1289PL_1,1
1289PL_2,34
1290PL_1,1
1290PL_2,3
1290PL_3,1
1290PL_4,8
1290PL_5,1
1290PL_6,1
1292PL_1,1
1293PL_1,1
1293PL_2,19
1293PL_3,1
1293PL_4,4
1295PL_1,1
1295PL_2,5
1295PL_3,1
1295PL_4,43
1296PL_1,28
1296PL_2,135
1298PL_1,1
1298PL_2,3
1298PL_3,1
1299PL_1,1
1299PL_10,3
1299PL_2,27
1299PL_3,1
1299PL_4,3
1299PL_5,1
1299PL_6,48
1299PL_7,1
1299PL_8,7
1299PL_9,1
129US_1,1
12US_1,1
12US_10,1
12US_11,1
12US_12,1
12US_13,1
12US_14,1
12US_15,1
12US_16,1
12US_17,1
12US_18,1
12US_19,1
12US_2,1
12US_20,1
12US_21,1
12US_22,1
12US_23,1
12US_24,1
12US_25,1
12US_26,1
12US_27,1
12US_28,1
12US_29,1
12US_3,1
12US_30,1
12US_31,1
12US_32,1
12US_33,1
12US_34,1
12US_35,1
12US_36,1
12US_37,1
12US_38,1
12US_39,1
12US_4,1
12US_40,1
12US_41,1
12US_42,1
12US_43,1
12US_44,1
12US_45,1
12US_46,1
12US_47,1
12US_48,1
12US_49,1
12US_5,1
12US_50,1
12US_51,1
12US_52,1
12US_53,1
12US_54,1
12US_55,1
12US_56,1
12US_57,1
12US_58,1
12US_59,1
12US_6,1
12US_60,1
12US_61,1
12US_62,1
12US_63,1
12US_64,1
12US_65,1
12US_66,1
12US_67,1
12US_68,1
12US_69,1
12US_7,1
12US_70,1
12US_71,1
12US_72,1
12US_73,1
12US_74,1
12US_75,1
12US_76,1
12US_77,1
12US_78,1
12US_79,1
12US_8,1
12US_80,1
12US_81,1
12US_82,1
12US_83,1
12US_84,1
12US_85,1
12US_86,1
12US_87,1
12US_88,1
12US_89,1
12US_9,1
12US_90,1
12US_91,1
12US_92,1
1300PL_1,1
1300PL_2,6
1302PL_1,1
1302PL_2,5
1303PL_1,2
1308PL_1,2
1308PL_2,45
1309PL_1,1
1309PL_2,2
1309PL_3,1
1309PL_4,2
1311PL_1,1
1311PL_2,115
1312PL_1,1
1312PL_2,41
1312PL_3,1
1312PL_4,5
1313PL_1,1
1313PL_2,3
1313PL_3,1
1313PL_4,6
1313PL_5,1
1313PL_6,4
131PL_1,1
131PL_2,16
131PL_3,1
131PL_4,2
1321US_1,1
1322PL_1,1
1322PL_10,5
1322PL_11,1
1322PL_12,1
1322PL_13,5
1322PL_2,7
1322PL_3,1
1322PL_4,2
1322PL_5,1
1322PL_6,4
1322PL_7,1
1322PL_8,3
1322PL_9,1
1323PL_1,1
1323PL_2,5
1325PL_1,1
1325PL_2,5
1326PL_1,5
1326PL_2,4
1327PL_1,1
1327PL_2,7
1328PL_1,1
1328PL_2,5
1330PL_1,1
1330PL_2,5
1331PL_1,1
1331PL_2,6
1331PL_3,1
1331PL_4,7
1331PL_5,1
1331PL_6,2
1332DE_1,1
1332DE_2,16
1334PL_1,1
1334PL_2,43
1335US_1,9
1336PL_1,1
1336PL_2,27
133US_1,1
1340PL_1,1
1340PL_10,6
1340PL_11,1
1340PL_12,7
1340PL_13,1
1340PL_14,2
1340PL_2,8
1340PL_3,1
1340PL_4,283
1340PL_5,1
1340PL_6,8
1340PL_7,1
1340PL_8,7
1340PL_9,1
1341US_1,1
1341US_2,1
1341US_3,1
1341US_4,1
1341US_5,1
1341US_6,1
1341US_7,1
1342PL_1,1
1342PL_2,5
1342PL_3,1
1342PL_4,2
1342PL_5,1
1343PL_1,1
1343PL_2,62
1344PL_1,1
1344PL_2,3
1346PL_1,1
1346PL_2,3
1346PL_3,1
1346PL_4,1
1347PL_1,1
1347PL_2,10
1347PL_3,1
1347PL_4,3
1348PL_1,1
1348PL_2,64
1349PL_1,1
1349PL_2,6
1353PL_1,1
1353PL_2,3
1353PL_3,1
1353PL_4,5
1353PL_5,1
1353PL_6,1
1354PL_1,1
1354PL_2,9
1355PL_1,1
1355PL_2,39
1355PL_3,1
1355PL_4,4
1357PL_1,1
1358PL_1,1
1358PL_2,4
1358PL_3,1
1358PL_4,3
1359US_1,1
135PL_1,1
135PL_2,5
1361PL_1,2
1364PL_1,1
1364PL_2,113
1364PL_3,1
1364PL_4,3
1369PL_1,1
1369PL_2,9
136PL_1,1
136PL_2,5
1371CZ_1,1
1371CZ_2,49
1371CZ_3,1
1371CZ_4,2
1371CZ_5,1
1371CZ_6,3
1371CZ_7,1
1371CZ_8,5
1374PL_1,1
1374PL_2,2
1374PL_3,1
1374PL_4,1
1375PL_1,1
1375PL_2,11
1376PL_1,1
1376PL_2,2
1376PL_3,1
1376PL_4,52
1377PL_1,1
1377PL_2,39
1377PL_3,1
1377PL_4,4
1378PL_1,1
1378PL_2,5
1379CN_1,1
137PL_1,1
137PL_2,5
1382PL_1,55
1382PL_2,26
1382PL_3,1
1382PL_4,59
1384PL_1,1
1384PL_2,3
1384PL_3,1
1384PL_4,1
1384PL_5,1
1387PL_1,1
1387PL_2,5
138PL_1,1
138PL_2,5
1391PL_1,1
1391PL_2,36
1391PL_3,1
1391PL_4,28
1391PL_5,1
1391PL_6,2
1392PL_1,1
1392PL_2,5
1392PL_3,1
1392PL_4,3
1394US_1,1
1395PL_1,1
1395PL_2,9
1397PL_1,1
1397PL_2,8
1397PL_3,1
1398PL_1,1
1398PL_2,3
1400PL_1,1
1400PL_2,5
1401PL_1,1
1401PL_2,5
1405PL_1,1
1405PL_2,2
1405PL_3,1
1405PL_4,23
1405PL_5,1
1405PL_6,2
1406PL_1,1
1406PL_2,4
140PL_1,1
140PL_2,2
140PL_3,98
140PL_4,2
140PL_5,44
140PL_6,26
140PL_7,62
140PL_8,26
140PL_9,40
1410PL_1,1
1410PL_2,5
1411PL_1,30
1411PL_2,36
1412PL_1,1
1412PL_10,3
1412PL_2,29
1412PL_3,1
1412PL_4,2
1412PL_5,1
1412PL_6,3
1412PL_7,1
1412PL_8,3
1412PL_9,1
1413PL_1,1
1413PL_2,3
1413PL_3,1
1413PL_4,1
1413PL_5,1
1413PL_6,4
1413PL_7,1
1413PL_8,4
1414PL_1,1
1414PL_2,10
1414PL_3,1
1414PL_4,4
1418PL_1,1
1418PL_2,3
1418PL_3,1
1418PL_4,1
1418PL_5,1
1418PL_6,20
1418PL_7,1
1418PL_8,3
1418PL_9,1
141PL_1,1
141PL_2,5
1420PL_1,2
1421PL_1,1
1421PL_2,49
1423PL_1,1
1423PL_2,45
1423PL_3,1
1423PL_4,9
1423PL_5,1
1423PL_6,2
1427PL_1,1
1427PL_2,8
1428PL_1,1
1428PL_2,24
1428PL_3,1
1428PL_4,43
1430PL_1,1
1430PL_2,6
1430PL_3,1
1430PL_4,3
1431PL_1,1
1431PL_2,5
1431PL_3,1
1431PL_4,3
1433PL_1,1
1433PL_2,4
1435PL_1,1
1436PL_1,1
1436PL_2,2
1437PL_1,1
1439PL_1,1
1439PL_2,16
1439PL_3,1
1439PL_4,1
143PL_1,1
143PL_2,22
1440PL_1,1
1440PL_2,3
1440PL_3,1
1440PL_4,1
1442NO_1,1
1442NO_2,22
1443PL_1,1
1443PL_2,3
1444PL_1,1
1444PL_2,2
1444PL_3,1
1444PL_4,1
1444PL_5,1
1444PL_6,11
1444PL_7,1
1445PL_1,1
1445PL_2,4
1445PL_3,1
1445PL_4,4
1445PL_5,1
1445PL_6,3
1446PL_1,1
1446PL_2,7
1448PL_1,1
1448PL_2,10
1449PL_1,1
1449PL_2,24
1451PL_1,1
1451PL_2,37
1451PL_3,19
1451PL_4,27
1451PL_5,1
1451PL_6,32
1451PL_7,6
1452PL_1,1
1452PL_2,5
1453PL_1,1
1453PL_2,5
1454PL_1,1
1454PL_2,136
1455PL_1,1
1455PL_2,4
1455PL_3,1
1455PL_4,3
1455PL_5,1
1458PL_1,1
1458PL_2,3
1458PL_3,1
1458PL_4,1
1458PL_5,1
145PL_1,1
145PL_2,4
1460PL_1,1
1460PL_2,2
1460PL_3,1
1460PL_4,4
1460PL_5,1
1460PL_6,3
1460PL_7,1
1460PL_8,1
1460PL_9,1
1461US_1,1
1461US_2,5
1463PL_1,1
1464PL_1,1
1464PL_2,108
1464PL_3,1
1464PL_4,2
1468PL_1,1
1468PL_2,4
1470PL_1,1
1470PL_2,35
1470PL_3,1
1470PL_4,2
1471PL_1,1
1471PL_2,4
1471PL_3,1
1471PL_4,1
1472PL_1,3
1473PL_1,1
1473PL_2,28
1473PL_3,1
1473PL_4,2
1474PL_1,1
1474PL_2,99
1474PL_3,340
1474PL_4,61
1477PL_1,1
1477PL_2,3
1477PL_3,1
1477PL_4,1
1478PL_1,1
1478PL_2,4
1481PL_1,1
1481PL_2,4
1483PL_1,1
1483PL_2,5
1483PL_3,2
1483PL_4,3
1484PL_1,1
1484PL_2,4
1484PL_3,1
1484PL_4,21
1484PL_5,1
1484PL_6,1
1486PL_1,1
1486PL_2,46
1486PL_3,1
1486PL_4,1
1486PL_5,1
1486PL_6,74
1487PL_1,1
1487PL_2,5
1488PL_1,1
1488PL_2,3
1488PL_3,1
1488PL_4,1
1488PL_5,1
1489PL_1,1
1489PL_2,5
1490PL_1,1
1490PL_2,4
1491PL_1,1
1491PL_2,15
1492PL_1,1
1492PL_2,10
1492PL_3,1
1492PL_4,11
1493PL_1,1
1493PL_2,6
1496US_1,1
1496US_2,2
1496US_3,1
1496US_4,9
1497PL_1,1
1497PL_2,18
1497PL_3,1
1497PL_4,1
1497PL_5,1
1497PL_6,2
14PL_1,190
14PL_10,70
14PL_11,32
14PL_2,1
14PL_3,1
14PL_4,10
14PL_5,1
14PL_6,1
14PL_7,8
14PL_8,1
14PL_9,1
1500GB_1,1
1500GB_2,15
1500GB_3,1
1500GB_4,2
1501PL_1,1
1501PL_2,23
1501PL_3,1
1501PL_4,1
1504PL_1,1
1504PL_2,4
1504PL_3,1
1504PL_4,4
1505PL_1,1
1505PL_2,37
1505PL_3,1
1505PL_4,2
1505PL_5,1
1505PL_6,3
1508PL_1,1
1508PL_2,5
1508PL_3,1
1508PL_4,11
1508PL_5,1
1508PL_6,12
150PL_1,1
150PL_2,5
1511PL_1,18
1512PL_1,1
1513PL_1,1
1513PL_2,3
1513PL_3,1
1513PL_4,5
1515SK_1,1
1515SK_2,7
1515SK_3,1
1516PL_1,1
1516PL_2,7
1517PL_1,1
1517PL_2,3
1517PL_3,1
1517PL_4,1
1517PL_5,1
1517PL_6,5
1517PL_7,1
1518PL_1,1
1518PL_2,20
1518PL_3,1
1521PL_1,1
1521PL_2,20
1522PL_1,1
1522PL_2,3
1522PL_3,1
1522PL_4,2
1524PL_1,1
1524PL_2,9
1524PL_3,1
1524PL_4,2
1525PL_1,1
1525PL_10,8
1525PL_11,1
1525PL_12,36
1525PL_13,1
1525PL_14,6
1525PL_15,1
1525PL_16,7
1525PL_17,1
1525PL_18,3
1525PL_19,1
1525PL_2,3
1525PL_20,5
1525PL_21,1
1525PL_22,9
1525PL_23,1
1525PL_24,22
1525PL_25,1
1525PL_26,21
1525PL_27,1
1525PL_28,13
1525PL_3,1
1525PL_4,6
1525PL_5,1
1525PL_6,6
1525PL_7,1
1525PL_8,5
1525PL_9,1
1528PL_1,1
1529PL_1,1
1529PL_2,7
152PL_1,1
152PL_2,9
152PL_3,1
152PL_4,5
1531PL_1,6
1532PL_1,1
1532PL_2,6
1534DE_1,1
1534DE_2,22
1538PL_1,15
153PL_1,1
153PL_2,11
153PL_3,1
153PL_4,2
153PL_5,1
153PL_6,5
1542PL_1,8
1547PL_1,607
1548PL_1,1
1548PL_2,327
1549US_1,1
1550PL_1,1
1550PL_2,5
1551PL_1,1
1551PL_2,2
1551PL_3,1
1551PL_4,16
1552PL_1,1
1552PL_2,4
1553PL_1,1
1553PL_2,3
1553PL_3,1
1553PL_4,7
1553PL_5,1
1553PL_6,3
1553PL_7,1
1553PL_8,12
1556PL_1,1
1556PL_2,5
1556PL_3,1
1556PL_4,2
1556PL_5,1
1556PL_6,7
1556PL_7,1
1556PL_8,2
1557US_1,1
1557US_2,1
1559PL_1,1
1559PL_10,3
1559PL_11,1
1559PL_12,85
1559PL_2,3
1559PL_3,1
1559PL_4,88
1559PL_5,1
1559PL_6,9
1559PL_7,1
1559PL_8,37
1559PL_9,1
155PL_1,1
155PL_10,77
155PL_2,3
155PL_3,1
155PL_4,1
155PL_5,1
155PL_6,1
155PL_7,25
155PL_8,83
155PL_9,30
1561PL_1,1
1561PL_2,5
1562PL_1,1
1562PL_2,4
1564PL_1,1
1564PL_2,8
1566PL_1,3
156PL_1,1
156PL_2,2
1571PL_1,1
1571PL_2,2
1571PL_3,1
1571PL_4,1
1572PL_1,1
1572PL_2,4
1573PL_1,1
1573PL_2,5
1573PL_3,1
1573PL_4,5
1573PL_5,1
1573PL_6,1
1576PL_1,1
1576PL_2,3
1576PL_3,1
1576PL_4,3
1576PL_5,1
1576PL_6,3
1576PL_7,1
1576PL_8,3
1579PL_1,1
1579PL_2,5
1579PL_3,1
1579PL_4,3
1579PL_5,1
1579PL_6,5
157PL_1,1
157PL_2,1
157PL_3,1
1582PL_1,1
1582PL_2,13
1582PL_3,1
1582PL_4,11
1585PL_1,1
1585PL_2,5
1586PL_1,1
1586PL_2,6
1587US_1,1
1587US_2,99
1587US_3,1
1587US_4,2
1587US_5,1
1587US_6,3
158PL_1,33
158PL_10,1
158PL_11,626
158PL_12,197
158PL_2,297
158PL_3,550
158PL_4,1
158PL_5,3
158PL_6,1
158PL_7,169
158PL_8,1
158PL_9,4
1590PL_1,1
1590PL_2,4
1592PL_1,1
1592PL_10,5
1592PL_11,1
1592PL_12,5
1592PL_13,1
1592PL_14,12
1592PL_15,1
1592PL_16,2
1592PL_17,1
1592PL_18,12
1592PL_19,1
1592PL_2,7
1592PL_20,7
1592PL_21,1
1592PL_22,24
1592PL_23,1
1592PL_3,1
1592PL_4,18
1592PL_5,1
1592PL_6,14
1592PL_7,1
1592PL_8,2
1592PL_9,1
1594PL_1,1
1594PL_2,4
1594PL_3,1
1594PL_4,3
1594PL_5,1
1594PL_6,4
1594PL_7,1
1594PL_8,5
1596PL_1,1
1596PL_2,5
1596PL_3,1
1596PL_4,7
1596PL_5,1
1596PL_6,41
1597PL_1,1
1597PL_2,5
1597PL_3,1
1597PL_4,8
1597PL_5,1
159PL_1,1
159PL_2,12
159PL_3,1
15PL_1,5
1601IE_1,1
1606PL_1,1
1606PL_2,3
1606PL_3,1
1606PL_4,6
1607PL_1,1
1607PL_2,9
1607PL_3,1
1607PL_4,1
1607PL_5,8
1608PL_1,1
1608PL_10,7
1608PL_11,1
1608PL_12,2
1608PL_2,5
1608PL_3,1
1608PL_4,8
1608PL_5,1
1608PL_6,2
1608PL_7,1
1608PL_8,9
1608PL_9,1
160PL_1,1
160PL_2,5
1614PL_1,1
1614PL_2,6
1614PL_3,1
1614PL_4,2
1614PL_5,1
1614PL_6,5
1616PL_1,1
1616PL_2,5
161PL_1,1
161PL_2,5
1621PL_1,1
1621PL_2,1
1621PL_3,9
1621PL_4,1
1621PL_5,28
1623PL_1,1
1623PL_2,40
1626PL_1,1
1626PL_2,13
162US_1,1
162US_2,5
162US_3,1
162US_4,4
1636PL_1,1
1636PL_2,8
1637PL_1,1
1637PL_2,18
1637PL_3,1
1637PL_4,51
1637PL_5,1
1637PL_6,3
1639PL_1,1
1639PL_2,2
1639PL_3,1
1639PL_4,1
1640PL_1,1
1640PL_2,4
1642PL_1,1
1642PL_2,9
1642PL_3,1
1642PL_4,1
1644PL_1,1
1644PL_2,11
1646PL_1,1
1646PL_2,6
1647PL_1,1
1647PL_2,4
1648PL_1,1
1648PL_2,69
1649PL_1,1
1649PL_2,3
1649PL_3,1
1649PL_4,1
164PL_1,1
1651PL_1,1
1651PL_2,17
1652PL_1,1
1652PL_2,8
1652PL_3,1
1652PL_4,10
1652PL_5,1
1652PL_6,4
1653PL_1,1
1653PL_2,5
1654PL_1,1
1654PL_2,63
1654PL_3,1
1654PL_4,2
1654PL_5,1
1654PL_6,4
1654PL_7,1
1654PL_8,3
1656PL_1,1
1656PL_10,1
1656PL_11,5
1656PL_12,1
1656PL_13,5
1656PL_14,1
1656PL_15,413
1656PL_16,75
1656PL_17,1
1656PL_18,13
1656PL_19,1
1656PL_2,3
1656PL_20,167
1656PL_21,2
1656PL_22,11
1656PL_3,1
1656PL_4,3
1656PL_5,1
1656PL_6,64
1656PL_7,18
1656PL_8,1
1656PL_9,30
1658PL_1,1
1658PL_2,5
1659PL_1,1
1659PL_2,19
1659PL_3,1
1659PL_4,2
1660PL_1,1
1660PL_2,5
1661PL_1,2
1661PL_10,24
1661PL_2,1
1661PL_3,66
1661PL_4,2
1661PL_5,1
1661PL_6,45
1661PL_7,3
1661PL_8,1
1661PL_9,177
1664PL_1,1
1664PL_2,11
1664PL_3,1
1664PL_4,35
1669PL_1,1
1669PL_2,10
1669PL_3,1
1669PL_4,3
166PL_1,1
1671US_1,1
1671US_2,1
1672PL_1,1
1672PL_2,14
1672PL_3,8
1676PL_1,1
1676PL_10,5
1676PL_2,3
1676PL_3,1
1676PL_4,2
1676PL_5,1
1676PL_6,2
1676PL_7,1
1676PL_8,12
1676PL_9,1
1678PL_1,1
1678PL_2,2
1678PL_3,1
1678PL_4,1
1679PL_1,1
1679PL_2,5
1679PL_3,1
1679PL_4,4
1681PL_1,1
1681PL_2,6
1681PL_3,1
1681PL_4,3
1683PL_1,1
1683PL_2,3
1683PL_3,1
1683PL_4,1
1684PL_1,1
1684PL_2,4
1687PL_1,1
1687PL_2,3
1687PL_3,1
1687PL_4,2
1688PL_1,1
1688PL_2,7
168PL_1,1
168PL_2,5
168PL_3,1
168PL_4,3
1690PL_1,1
1690PL_2,3
1690PL_3,1
1690PL_4,9
1690PL_5,1
1690PL_6,19
1690PL_7,1
1690PL_8,24
1691PL_1,1
1691PL_2,11
1691PL_3,1
1691PL_4,3
1694PL_1,1
1694PL_2,5
1694PL_3,1
1694PL_4,7
1694PL_5,1
1694PL_6,4
1695PL_1,1
1695PL_2,3
1695PL_3,1
1695PL_4,6
1697PL_1,1
1697PL_2,6
169PL_1,1
169PL_2,9
169PL_3,1
16PL_1,36
16PL_2,106
16PL_3,19
16PL_4,45
16PL_5,81
1700PL_1,1
1700PL_2,14
1701PL_1,1
1701PL_2,11
1702PL_1,1
1702PL_2,14
1703PL_1,1
1703PL_2,21
1703PL_3,1
1703PL_4,27
1704PL_1,1
1704PL_2,5
1705PL_1,1
1705PL_2,8
1706PL_1,1
1706PL_2,85
1706PL_3,1
1706PL_4,1
1707PL_1,1
1707PL_2,3
1707PL_3,1
1707PL_4,1
1708PL_1,1
1708PL_2,5
1709PL_1,1
1709PL_2,3
170PL_1,1
170PL_10,70
170PL_2,3
170PL_3,1
170PL_4,8
170PL_5,1
170PL_6,3
170PL_7,1
170PL_8,11
170PL_9,1
1710PL_1,1
1710PL_2,3
1710PL_3,1
1710PL_4,5
1711PL_1,1
1711PL_2,2
1711PL_3,1
1711PL_4,9
1711PL_5,1
1711PL_6,2
1713PL_1,1
1713PL_2,15
171PL_1,1
171PL_2,3
171PL_3,1
171PL_4,4
171PL_5,1
1720PL_1,1
1720PL_2,12
1722PL_1,1
1722PL_2,35
1722PL_3,1
1722PL_4,1
1723PL_1,1
1723PL_2,5
1725PL_1,1
1725PL_2,5
1726PL_1,1
1726PL_2,10
1728PL_1,1
1728PL_2,4
1729PL_1,1
1729PL_2,10
1729PL_3,1
1729PL_4,2
1729PL_5,1
1729PL_6,4
1729PL_7,1
1729PL_8,4
172US_1,1
1730PL_1,1
1730PL_2,12
1730PL_3,1
1730PL_4,2
1731PL_1,1
1731PL_2,5
1732PL_1,1
1732PL_10,5
1732PL_11,1
1732PL_12,6
1732PL_13,1
1732PL_14,8
1732PL_15,1
1732PL_16,2
1732PL_17,1
1732PL_18,3
1732PL_19,1
1732PL_2,3
1732PL_20,4
1732PL_21,1
1732PL_22,5
1732PL_23,1
1732PL_24,56
1732PL_3,1
1732PL_4,4
1732PL_5,1
1732PL_6,5
1732PL_7,1
1732PL_8,5
1732PL_9,1
1737US_1,1
1737US_2,1
1737US_3,3
1737US_4,4
1737US_5,2
1737US_6,1
1737US_7,2
1738US_1,1
1738US_2,7
1738US_3,2
1738US_4,2
1738US_5,1
1738US_6,1
1738US_7,1
1738US_8,1
1739US_1,3
1739US_2,3
1739US_3,2
1739US_4,3
1739US_5,4
1739US_6,1
1744PL_1,1
1744PL_2,3
1744PL_3,1
1744PL_4,1
1745GB_1,1
1745GB_2,10
1749PL_1,1
1749PL_2,5
1750PL_1,1
1750PL_2,30
1750PL_3,1
1750PL_4,3
1751PL_1,1
1751PL_2,1
1752US_1,1
1752US_2,1
1753PL_1,1
1753PL_2,5
1753PL_3,1
1753PL_4,4
1753PL_5,1
1753PL_6,3
1757PL_1,1
1757PL_2,230
1758PL_1,1
1758PL_2,4
175PL_1,1
175PL_2,7
1762PL_1,1
1762PL_2,3
1764PL_1,1
1764PL_10,137
1764PL_2,4
1764PL_3,1
1764PL_4,16
1764PL_5,1
1764PL_6,14
1764PL_7,1
1764PL_8,5
1764PL_9,1
1765PL_1,1
1765PL_2,2
1767US_1,1
1768PL_1,105
1768PL_2,310
1768PL_3,90
1768PL_4,295
1768PL_5,14
1771PL_1,1
1771PL_2,5
1773PL_1,1
1773PL_2,5
1774PL_1,1
1774PL_10,4
1774PL_11,1
1774PL_12,28
1774PL_13,1
1774PL_14,22
1774PL_15,1
1774PL_16,2
1774PL_2,3
1774PL_3,1
1774PL_4,4
1774PL_5,1
1774PL_6,5
1774PL_7,1
1774PL_8,10
1774PL_9,1
1776PL_1,1
1776PL_2,12
177PL_1,1
177PL_2,5
1780PL_1,1
1780PL_2,6
1781PL_1,1
1781PL_2,3
1781PL_3,1
1781PL_4,1
1782PL_1,1
1782PL_2,3
1782PL_3,1
1782PL_4,39
1782PL_5,1
1782PL_6,3
1783PL_1,1
1785PL_1,1
1785PL_2,3
1785PL_3,1
1785PL_4,1
1788PL_1,1
1788PL_2,4
1789PL_1,1
1789PL_2,3
1792ES_1,1
1792ES_2,26
17PL_1,27
17PL_2,7
17PL_3,2
17PL_4,3
1800VG_1,1
1800VG_2,6
1801PL_1,1
1801PL_2,5
1804PL_1,1
1804PL_2,11
1804PL_3,1
1804PL_4,2
1805PL_1,1
1805PL_2,3
1805PL_3,1
1805PL_4,4
1805PL_5,1
1805PL_6,3
1805PL_7,1
1805PL_8,1
1809PL_1,1
1809PL_2,8
1810PL_1,1
1810PL_2,43
1812PL_1,1
1812PL_10,125
1812PL_2,5
1812PL_3,1
1812PL_4,6
1812PL_5,1
1812PL_6,22
1812PL_7,1
1812PL_8,6
1812PL_9,1
1813PL_1,1
1813PL_2,4
1814PL_1,1
1814PL_2,5
1815PL_1,1
1815PL_2,5
1815PL_3,1
1815PL_4,2
1815PL_5,1
1820PL_1,1
1820PL_2,4
1821PL_1,1
1821PL_2,4
1822NO_1,1
1822NO_2,20
1824PL_1,1
1824PL_2,3
1824PL_3,1
1824PL_4,3
1824PL_5,1
1824PL_6,6
1824PL_7,1
1824PL_8,7
1826PL_1,1
1826PL_2,5
1828PL_1,1
1828PL_2,7
182PL_1,1
182PL_2,20
1831IT_1,1
1831IT_2,9
1833PL_1,1
1833PL_2,4
1834PL_1,1
1834PL_2,4
1838PL_1,1
1838PL_2,18
1839PL_1,1
1839PL_2,5
1839PL_3,1
1839PL_4,4
1840PL_1,1
1840PL_2,3
1840PL_3,1
1840PL_4,16
1843PL_1,2
1845PL_1,1
1845PL_2,4
1850PL_1,1
1850PL_2,3
1850PL_3,1
1850PL_4,11
1850PL_5,1
1850PL_6,3
1851PL_1,18
1851PL_2,97
1851PL_3,1
1851PL_4,2
1853PL_1,1
1853PL_2,4
1853PL_3,1
1853PL_4,1
1853PL_5,6
185PL_1,1
185PL_2,86
185PL_3,1
185PL_4,4
185PL_5,1
185PL_6,3
1860PL_1,1
1860PL_10,22
1860PL_11,1
1860PL_12,2
1860PL_13,1
1860PL_14,2
1860PL_15,1
1860PL_16,1
1860PL_2,5
1860PL_3,1
1860PL_4,22
1860PL_5,1
1860PL_6,15
1860PL_7,1
1860PL_8,25
1860PL_9,1
1862PL_1,1
1862PL_2,1
1863PL_1,1
1863PL_10,4
1863PL_2,5
1863PL_3,1
1863PL_4,1
1863PL_5,1
1863PL_6,6
1863PL_7,1
1863PL_8,3
1863PL_9,1
1865PL_1,1
1865PL_2,6
1866PL_1,1
1866PL_2,3
1866PL_3,1
1866PL_4,9
1867PL_1,1
1867PL_2,5
1869PL_1,1
1869PL_2,5
186PL_1,1
186PL_2,5
186PL_3,1
186PL_4,92
186PL_5,1
1870PL_1,1
1870PL_2,12
1870PL_3,1
1870PL_4,1
1874PL_1,1
1874PL_2,3
1874PL_3,1
1874PL_4,34
1876PL_1,5
1881PL_1,1
1881PL_2,5
1882PL_1,1
1882PL_2,3
1882PL_3,1
1882PL_4,1
1882PL_5,1
1883PL_1,1
1883PL_2,9
1884PL_1,1
1884PL_2,6
1885PL_1,1
1885PL_2,3
1885PL_3,1
1885PL_4,1
1886PL_1,1
1886PL_2,7
1889PL_1,1
1889PL_2,4
188PL_1,1
188PL_2,5
1890PL_1,35
1892RO_1,1
1892RO_2,46
1894PL_1,1
1894PL_2,3
1894PL_3,1
1894PL_4,3
1894PL_5,1
1894PL_6,5
1897IN_1,1
1898PL_1,1
1898PL_2,7
1898PL_3,1
1898PL_4,14
1900PL_1,1
1900PL_2,5
1903US_1,1
1904PL_1,4
1904PL_2,1
1904PL_3,2
1905PL_1,1
1905PL_2,5
190PL_1,1
190PL_2,5
1912PL_1,1
1912PL_2,5
1913PL_1,1
1913PL_2,19
1915PL_1,1
1915PL_2,6
1915PL_3,1
1915PL_4,3
1916PL_1,1
1916PL_2,5
1918PL_1,1
1918PL_2,9
1924PL_1,1
1924PL_2,5
1924PL_3,1
1924PL_4,1
1927PL_1,1
1927PL_2,3
1928PL_1,1
1928PL_2,5
192US_1,1
1933PL_1,1
1933PL_2,5
1933PL_3,1
1933PL_4,4
1933PL_5,1
1933PL_6,4
1936PL_1,1
1936PL_2,5
1940PL_1,1
1940PL_2,415
1941PL_1,1
1941PL_2,5
1941PL_3,1
1941PL_4,6
1941PL_5,1
1942PL_1,1
1942PL_2,3
1943PL_1,1
1943PL_2,3
1943PL_3,1
1943PL_4,1
1944PL_1,1
1944PL_2,4
1946PL_1,4
1948PL_1,1
1948PL_2,31
1948PL_3,1
1948PL_4,2
1949PL_1,1
1949PL_2,15
1949PL_3,1
1949PL_4,36
1951PL_1,1
1951PL_2,41
1952PL_1,1
1952PL_2,3
1954PL_1,1
1954PL_2,4
1955PL_1,1
1955PL_2,9
1955PL_3,1
1955PL_4,40
1956PL_1,1
1956PL_2,7
1956PL_3,1
1956PL_4,14
1956PL_5,1
1956PL_6,3
1956PL_7,1
1956PL_8,53
1957PL_1,1
1957PL_2,5
1957PL_3,1
1957PL_4,4
1959PL_1,1
1959PL_2,5
195PL_1,1
195PL_2,10
195PL_3,1
195PL_4,2
1960PL_1,1
1960PL_2,5
1962PL_1,1
1962PL_2,2
1962PL_3,1
1962PL_4,38
1964DE_1,72
1964DE_2,1
1964DE_3,7
1965PL_1,1
1965PL_2,7
1965PL_3,1
1965PL_4,7
1966PL_1,1
1966PL_2,8
1966PL_3,1
1966PL_4,20
1967PL_1,1
1967PL_2,10
1968PL_1,1
1970PL_1,1
1970PL_2,5
1971PL_1,1
1971PL_2,68
1972PL_1,1
1972PL_2,5
1973PL_1,1
1973PL_2,3
1973PL_3,1
1973PL_4,2
1977US_1,1
1979PL_1,1
1979PL_2,3
1980SE_1,7
1980SE_2,12
1982PL_1,1
1982PL_2,5
1986PL_1,1
1986PL_2,5
1987PL_1,1
1987PL_2,3
1987PL_3,1
1987PL_4,6
1988PL_1,1
1988PL_2,3
1990PL_1,1
1990PL_2,1
1991PL_1,1
1991PL_2,3
1991PL_3,1
1991PL_4,5
1993PL_1,1
1993PL_2,4
1995PL_1,1
1995PL_2,6
1998PL_1,1
1998PL_2,7
1998PL_3,1
1998PL_4,1
199IE_1,1
1PL_1,156
1PL_2,80
2000PL_1,1
2000PL_2,3
2000PL_3,1
2002PL_1,1
2002PL_2,23
2002PL_3,1
2004PL_1,1
2004PL_2,79
2005PL_1,1
2005PL_2,17
2005PL_3,1
2005PL_4,43
2005PL_5,1
2005PL_6,2
2006PL_1,1
2006PL_2,5
2007PL_1,1
2007PL_2,5
2008PL_1,1
2008PL_2,7
2011PL_1,1
2011PL_2,5
2014PL_1,1
2014PL_2,5
2015PL_1,1
2015PL_2,5
2016PL_1,1
2016PL_2,30
2017PL_1,1
2017PL_2,5
2019BY_1,1
2019BY_2,5
201PL_1,1
201PL_2,5
2022PL_1,1
2022PL_2,3
2024PL_1,1
2024PL_2,22
2028PL_1,1
2028PL_2,5
2030PL_1,1
2030PL_2,3
2030PL_3,1
2030PL_4,1
2030PL_5,1
2030PL_6,5
2036PL_1,1
2036PL_2,3
2036PL_3,1
2036PL_4,2
2038PL_1,1
2038PL_2,7
2038PL_3,1
2038PL_4,13
2038PL_5,1
2038PL_6,2
2042PL_1,1
2042PL_2,3
2043PL_1,1
2043PL_2,28
2044PL_1,1
2044PL_2,5
2045PL_1,1
2045PL_2,11
2045PL_3,1
2045PL_4,8
2045PL_5,1
2045PL_6,1
2047PL_1,1
2047PL_2,5
2051PL_1,1
2051PL_2,8
2054IE_1,1
2054IE_2,4
2055PL_1,1
2055PL_2,17
2056PL_1,1
2056PL_2,5
2058PL_1,1
2058PL_2,4
2058PL_3,1
2058PL_4,10
2058PL_5,1
2058PL_6,1
2058PL_7,1
2058PL_8,7
2059PL_1,1
2059PL_2,3
2059PL_3,1
2059PL_4,23
2062PL_1,1
2062PL_2,12
2062PL_3,1
2062PL_4,4
2063PL_1,1
2063PL_2,9
2068PL_1,1
2072PL_1,1
2072PL_2,5
2074PL_1,1
2074PL_2,43
2074PL_3,1
2074PL_4,6
2078PL_1,1
2083PL_1,1
2083PL_2,44
2086DE_1,1
2086DE_2,13
2089PL_1,1
2089PL_2,9
2089PL_3,1
2089PL_4,1
2090PL_1,1
2090PL_2,100
2091PL_1,1
2091PL_2,3
2091PL_3,1
2091PL_4,99
2093PL_1,1
2093PL_2,4
2094PL_1,1
2094PL_2,3
2094PL_3,1
2094PL_4,21
2094PL_5,1
2097PL_1,1
2097PL_2,10
2097PL_3,1
2097PL_4,2
2098PL_1,1
2098PL_2,2
20PL_1,235
20PL_10,2
20PL_2,44
20PL_3,26
20PL_4,10
20PL_5,1
20PL_6,29
20PL_7,31
20PL_8,3
20PL_9,1
2102PL_1,1
2102PL_2,6
2105PL_1,1
2105PL_2,5
2107PL_1,4
2111PL_1,2
2112PL_1,1
2112PL_2,6
2113PL_1,1
2113PL_2,35
2114PL_1,1
2114PL_2,22
2114PL_3,1
2114PL_4,25
2118PL_1,1
2118PL_2,11
2119PL_1,1
2119PL_2,40
2119PL_3,1
2119PL_4,2
2119PL_5,1
2119PL_6,5
2120DE_1,1
2120DE_2,2
2120DE_3,1
2120DE_4,34
2120DE_5,1
2120DE_6,2
2124PL_1,1
2124PL_2,15
2124PL_3,1
2124PL_4,2
2125PL_1,1
2125PL_2,3
2126PL_1,46
2127PL_1,1
2127PL_2,3
2129PL_1,1
2129PL_2,2
2129PL_3,1
2129PL_4,27
212DE_1,1
212DE_2,4
2130PL_1,1
2130PL_2,3
2130PL_3,1
2130PL_4,1
2132PL_1,1
2132PL_2,5
2132PL_3,1
2132PL_4,5
2134PL_1,1
2134PL_2,3
2134PL_3,1
2134PL_4,24
2135US_1,1
2135US_2,5
2137PL_1,1
2137PL_2,5
2137PL_3,1
2137PL_4,5
2139PL_1,1
2139PL_2,12
2139PL_3,1
2139PL_4,3
2141PL_1,1
2141PL_2,5
2142PL_1,1
2142PL_2,40
2142PL_3,1
2142PL_4,2
2143PL_1,1
2143PL_2,9
2143PL_3,1
2143PL_4,4
2144PL_1,1
2144PL_2,5
2144PL_3,1
2144PL_4,3
2145PL_1,1
2145PL_2,4
2147PL_1,1
2147PL_2,5
2147PL_3,1
2147PL_4,15
2148PL_1,1
2148PL_2,5
2148PL_3,1
2148PL_4,3
214US_1,1
2152PL_1,1
2152PL_2,3
2159PL_1,1
2159PL_2,4
2159PL_3,1
2159PL_4,4
2160PL_1,1
2160PL_2,9
2160PL_3,1
2160PL_4,5
2160PL_5,1
2160PL_6,2
2161PL_1,1
2161PL_2,3
2161PL_3,1
2161PL_4,1
2162PL_1,1
2162PL_2,5
2165PL_1,1
2165PL_2,5
2166PL_1,1
2166PL_2,5
2167PL_1,1
2167PL_2,14
2168PL_1,1
2168PL_2,13
2170PL_1,1
2170PL_2,5
2173PL_1,1
2173PL_2,3
2173PL_3,1
2173PL_4,25
2173PL_5,1
2173PL_6,5
2173PL_7,1
2173PL_8,2
2174PL_1,1
2174PL_2,1
2174PL_3,1
2174PL_4,7
2177PL_1,1
2177PL_2,52
2177PL_3,1
2177PL_4,4
2177PL_5,1
2177PL_6,34
2179PL_1,1
2179PL_2,12
2179PL_3,1
2179PL_4,4
217US_1,1
2184PL_1,1
2184PL_2,5
2186PL_1,1
2186PL_2,3
2186PL_3,1
2186PL_4,5
2186PL_5,1
2186PL_6,4
2189PL_1,1
2189PL_2,9
2191PL_1,1
2191PL_2,5
2192PL_1,1
2192PL_2,6
2192PL_3,1
2192PL_4,27
2192PL_5,1
2192PL_6,2
2192PL_7,1
2192PL_8,39
2193PL_1,3
2197PL_1,1
2197PL_2,49
2197PL_3,1
2197PL_4,1
2198PL_1,1
2198PL_2,10
2198PL_3,1
2198PL_4,2
21US_1,1
21US_2,1
2200PL_1,1
2200PL_2,5
2202PL_1,1
2202PL_2,2
2204PL_1,1
2204PL_2,6
2204PL_3,1
2204PL_4,8
2204PL_5,1
2204PL_6,22
2204PL_7,1
2204PL_8,23
2204PL_9,1
2205PL_1,1
2205PL_2,7
2208PL_1,1
2208PL_2,10
2208PL_3,1
2208PL_4,10
2208PL_5,1
2208PL_6,8
220DE_1,1
220DE_2,7
220DE_3,1
220DE_4,4
2215PL_1,8
2215PL_2,4
2221PL_1,1
2223PL_1,1
2223PL_2,5
2224PL_1,1
2224PL_2,3
2224PL_3,1
2224PL_4,174
2226US_1,1
2228PL_1,1
2228PL_2,5
2230PL_1,1
2232PL_1,1
2232PL_2,5
2232PL_3,1
2232PL_4,5
2233PL_1,1
2233PL_2,25
2234PL_1,1
2234PL_2,23
2239PL_1,1
2239PL_2,3
2239PL_3,1
2239PL_4,3
223PL_1,1
223PL_2,4
2242PL_1,1
2242PL_2,5
2247PL_1,1
2247PL_2,3
2247PL_3,1
2247PL_4,9
2247PL_5,1
2247PL_6,6
2247PL_7,1
2248PL_1,1
2248PL_2,5
2248PL_3,1
2248PL_4,3
224US_1,1
2251PL_1,1
2251PL_2,3
2251PL_3,1
2251PL_4,1
2252PL_1,1
2252PL_2,5
2255PL_1,1
2255PL_2,5
2255PL_3,1
2255PL_4,24
2255PL_5,1
2255PL_6,13
2255PL_7,1
2255PL_8,4
2257PL_1,1
2257PL_2,4
2258PL_1,1
2258PL_2,5
2260PL_1,1
2260PL_2,9
2260PL_3,1
2260PL_4,35
2260PL_5,28
2260PL_6,1
2260PL_7,10
2261PL_1,1
2261PL_2,6
2262PL_1,1
2262PL_2,3
2262PL_3,1
2262PL_4,5
2262PL_5,1
2262PL_6,1
2262PL_7,3
2264PL_1,1
2264PL_2,14
2265PL_1,1
2265PL_2,6
2267PL_1,1
2267PL_2,5
226PL_1,1
226PL_2,5
2272PL_1,1
2272PL_2,7
2275PL_1,1
2278PL_1,1
2278PL_2,3
2280PL_1,9
2285PL_1,70
2288PL_1,1
2288PL_2,20
2289PL_1,1
2289PL_2,3
2290PL_1,1
2290PL_2,4
2290PL_3,1
2290PL_4,4
2292PL_1,1
2292PL_2,6
2293PL_1,1
2293PL_2,10
2294PL_1,1
2294PL_2,13
2294PL_3,1
2294PL_4,42
2296PL_1,1
2296PL_2,82
2296PL_3,1
2296PL_4,33
2296PL_5,1
2296PL_6,12
229US_1,1
22PL_1,1
22PL_2,6
2303PL_1,1
2303PL_2,11
2303PL_3,1
2303PL_4,3
2305PL_1,1
2305PL_2,19
2305PL_3,1
2305PL_4,2
2306PL_1,1
2306PL_2,1098
2308PL_1,1
2308PL_2,186
2309PL_1,8
2311PL_1,33
2311PL_2,1
2311PL_3,374
2311PL_4,560
2311PL_5,528
2311PL_6,760
2316PL_1,1
2316PL_2,4
2316PL_3,1
2316PL_4,3
2318PL_1,1
2318PL_2,3
2319PL_1,1
2319PL_2,3
2321PL_1,1
2321PL_2,3
2321PL_3,1
2321PL_4,1
2321PL_5,1
2321PL_6,6
2322BY_1,1
2322BY_2,4
2323PL_1,1
2323PL_2,11
2332PL_1,1
2332PL_2,53
2334PL_1,1
2334PL_2,4
2334PL_3,1
2334PL_4,1
2337PL_1,1
2337PL_2,3
2337PL_3,1
2337PL_4,2
2337PL_5,1
2338DE_1,1
233PL_1,1
233PL_2,281
233PL_3,4
2344PL_1,1
2344PL_2,7
2346PL_1,1
2346PL_2,4
2347PL_1,1
2347PL_2,7
2348PL_1,1
2348PL_2,5
2349PL_1,1
2349PL_2,7
2349PL_3,1
2349PL_4,1
2352PL_1,1
2352PL_2,8
2355PL_1,1
2355PL_2,4
2356PL_1,1
2356PL_2,4
235US_1,1
2362CZ_1,1
2362CZ_2,1
2362CZ_3,1
2365PL_1,1
2365PL_2,3
2365PL_3,1
2365PL_4,1
2366PL_1,1
2366PL_2,39
2366PL_3,5
2367PL_1,1
2367PL_2,5
2368PL_1,1
2368PL_2,5
2369PL_1,1
2369PL_2,12
236US_1,1
2371PL_1,1
2371PL_10,1
2371PL_11,7
2371PL_2,4
2371PL_3,1
2371PL_4,1
2371PL_5,7
2371PL_6,1
2371PL_7,2
2371PL_8,1
2371PL_9,3
2372PL_1,1
2372PL_2,8
2373PL_1,1
2373PL_2,2
2373PL_3,1
2373PL_4,74
2373PL_5,1
2373PL_6,2
2373PL_7,1
2373PL_8,3
2382PL_1,1
2382PL_2,4
2382PL_3,1
2382PL_4,7
2384PL_1,1
2384PL_2,5
2384PL_3,1
2387PL_1,1
2387PL_2,5
2390PL_1,1
2390PL_2,4
2393US_1,1
2394PL_1,1
2394PL_2,9
2398PL_1,1
2398PL_2,5
2398PL_3,1
2398PL_4,5
2402PL_1,1
2402PL_2,9
2402PL_3,1
2402PL_4,2
2403PL_1,1
2403PL_2,21
2403PL_3,1
2403PL_4,2
2405PL_1,1
2405PL_2,4
2407PL_1,1
2407PL_2,23
2408PL_1,1
2411PL_1,1
2411PL_2,5
2412PL_1,1
2412PL_2,4
2413PL_1,1
2413PL_2,8
2413PL_3,1
2413PL_4,52
2414PL_1,1
2414PL_2,46
2418PL_1,1
2418PL_2,11
2418PL_3,2
2419PL_1,1
2419PL_2,5
2419PL_3,1
2419PL_4,5
2419PL_5,1
2419PL_6,3
2419PL_7,1
2419PL_8,2
2419PL_9,1
2422PL_1,1
2422PL_2,7
2424PL_1,1
2424PL_2,3
2429PL_1,1
2429PL_2,5
2430PL_1,1
2430PL_2,19
2430PL_3,1
2430PL_4,2
2433PL_1,11
2433PL_2,1
2433PL_3,14
2433PL_4,1
2433PL_5,8
2433PL_6,1
2433PL_7,9
2435CZ_1,1
2435CZ_2,3
2435CZ_3,1
2435CZ_4,4
2435CZ_5,1
2435CZ_6,4
2435CZ_7,1
2435CZ_8,62
2437PL_1,1
2437PL_2,8
243PL_1,1
2440PL_1,1
2440PL_2,5
2441PL_1,1
2441PL_2,3
2442PL_1,1
2442PL_2,16
2442PL_3,1
2442PL_4,4
2444PL_1,1
2444PL_2,2
2444PL_3,1
2444PL_4,5
2444PL_5,1
2444PL_6,11
2446US_1,1
2448PL_1,1
2448PL_2,5
2450FR_1,1
2452PL_1,1
2452PL_2,5
2455PL_1,1
2455PL_2,4
2457PL_1,1
2457PL_2,5
2458PL_1,1
2458PL_2,17
2459US_1,1
2460PL_1,1
2460PL_2,6
2461PL_1,1
2461PL_2,15
2462PL_1,1
2462PL_2,5
2462PL_3,1
2462PL_4,25
2462PL_5,1
2462PL_6,2
2468PL_1,1
2468PL_2,3
2468PL_3,1
2468PL_4,3
2469PL_1,1
246PL_1,1
246PL_2,5
246PL_3,1
246PL_4,19
246PL_5,1
246PL_6,4
2470IE_1,1
2470IE_2,2
2470IE_3,1
2470IE_4,23
2473PL_1,1
2473PL_2,12
2477PL_1,1
2479DE_1,1
2480PL_1,1
2480PL_2,79
2481PL_1,1
2481PL_2,5
2482PL_1,1
2482PL_2,19
2483PL_1,1
2483PL_2,8
2484PL_1,1
2484PL_2,3
2485PL_1,1
2485PL_2,2
2485PL_3,1
2485PL_4,58
2486PL_1,1
2486PL_2,5
2487PL_1,1
2487PL_2,4
2488PL_1,1
2489PL_1,1
2489PL_2,7
248PL_1,1
248PL_10,1
248PL_11,58
248PL_12,9
248PL_13,11
248PL_2,1
248PL_3,1
248PL_4,1
248PL_5,1
248PL_6,1
248PL_7,1
248PL_8,1
248PL_9,1
2490NL_1,1
2490NL_2,1
2490NL_3,9
2490NL_4,1
2490NL_5,2
2491PL_1,1
2491PL_2,3
2491PL_3,1
2491PL_4,14
2493PL_1,1
2493PL_2,5
2495PL_1,1
2495PL_2,5
2497PL_1,1
2497PL_2,100
2498PL_1,1
249US_1,1
24PL_1,216
24PL_2,872
24PL_3,22
24PL_4,291
2500PL_1,1
2500PL_2,11
2503PL_1,1
2503PL_2,5
2506PL_1,1
2506PL_2,88
2506PL_3,1
2506PL_4,2
2509PL_1,1
2509PL_10,24
2509PL_2,4
2509PL_3,1
2509PL_4,3
2509PL_5,1
2509PL_6,3
2509PL_7,1
2509PL_8,19
2509PL_9,1
2510PL_1,1
2510PL_2,8
2510PL_3,1
2510PL_4,2
2511PL_1,1
2511PL_2,12
2512PL_1,1
2512PL_2,11
2512PL_3,88
2516PL_1,1
2516PL_2,198
2516PL_3,1
2516PL_4,2
2517PL_1,1
2517PL_2,4
2524PL_1,1
2524PL_2,1
2525PL_1,1
2525PL_2,29
2527PL_1,1
2527PL_2,26
2527PL_3,1
2527PL_4,13
2528PL_1,1
2528PL_2,5
2529PL_1,8
252PL_1,1
2530PL_1,1
2530PL_2,4
2531PL_1,1
2531PL_2,5
2531PL_3,1
2531PL_4,3
2532PL_1,1
2532PL_2,23
2533PL_1,1
2533PL_2,5
2534PL_1,1
2534PL_2,5
2540PL_1,1
2540PL_2,27
2541PL_1,1
2541PL_2,3
2541PL_3,1
2541PL_4,1
2544PL_1,1
2544PL_2,6
2544PL_3,1
2544PL_4,14
2547PL_1,1
2547PL_2,5
2547PL_3,1
2547PL_4,1
2547PL_5,1
2547PL_6,1
2547PL_7,42
2548PL_1,1
2548PL_2,7
2549PL_1,1
2549PL_2,3
2549PL_3,1
2549PL_4,1
2549PL_5,1
2551PL_1,93
2551PL_2,17
2552PL_1,1
2552PL_2,4
2554PL_1,1
2554PL_2,5
2556PL_1,5
2558PL_1,1
2558PL_2,9
2558PL_3,1
2558PL_4,2
2560PL_1,1
2560PL_2,14
2560PL_3,1
2560PL_4,2
2561PL_1,1
2561PL_2,26
2563PL_1,1
2563PL_2,5
2565PL_1,1
2565PL_2,3
2565PL_3,1
2565PL_4,5
2566PL_1,1
2566PL_2,6
2569PL_1,1
2569PL_2,27
2569PL_3,1
2569PL_4,2
2569PL_5,3
2569PL_6,40
2569PL_7,1
2569PL_8,2
256US_1,1
2571PL_1,1
2571PL_2,3
2571PL_3,1
2571PL_4,7
2572PL_1,1
2572PL_2,5
2575PL_1,1
2575PL_2,3
2575PL_3,1
2575PL_4,4
2575PL_5,1
257US_1,1
2584PL_1,1
2584PL_2,3
2587PL_1,1
2587PL_2,49
2588CZ_1,1
2588CZ_2,129
2589PL_1,1
2589PL_2,144
258US_1,1
2590PL_1,1
2590PL_2,5
2595PL_1,1
2595PL_2,8
2595PL_3,1
2595PL_4,1
2596PL_1,1
2596PL_2,5
2597PL_1,1
2597PL_2,2
2597PL_3,1
2597PL_4,6
2598PL_1,1
2598PL_2,5
2599PL_1,1
2599PL_2,5
2599PL_3,1
2599PL_4,175
2599PL_5,1
2599PL_6,6
2599PL_7,1
2599PL_8,2
259PL_1,1
25PL_1,45
25PL_2,1
2602PL_1,271
2602PL_2,1
2602PL_3,24
2603PL_1,1
2603PL_2,7
2603PL_3,1
2603PL_4,40
2604PL_1,1
2604PL_2,4
2609PL_1,1
2609PL_2,14
2609PL_3,1
2609PL_4,65
2609PL_5,1
2609PL_6,3
2609PL_7,1
2609PL_8,2
2611PL_1,1
2611PL_10,8
2611PL_11,1
2611PL_12,9
2611PL_13,1
2611PL_14,5
2611PL_15,1
2611PL_16,5
2611PL_17,1
2611PL_18,5
2611PL_19,1
2611PL_2,3
2611PL_20,6
2611PL_21,1
2611PL_22,8
2611PL_23,1
2611PL_24,3
2611PL_25,1
2611PL_3,1
2611PL_4,1
2611PL_5,1
2611PL_6,7
2611PL_7,1
2611PL_8,11
2611PL_9,1
2613PL_1,1
2613PL_2,5
2614PL_1,1
2614PL_2,27
2614PL_3,1
2614PL_4,2
2616PL_1,1
2616PL_2,9
2623PL_1,1
2623PL_2,4
2623PL_3,1
2623PL_4,141
2626PL_1,1
2626PL_2,4
2629PL_1,1
2629PL_2,52
2629PL_3,1
2629PL_4,2
2629PL_5,1
2629PL_6,26
2629PL_7,1
2629PL_8,5
262PL_1,254
262PL_2,558
262PL_3,189
262PL_4,218
2630PL_1,1
2630PL_2,2
2630PL_3,1
2630PL_4,4
2630PL_5,1
2630PL_6,2
2631PL_1,1
2631PL_2,19
2632PL_1,14
2632PL_2,5
2632PL_3,6
2633PL_1,1
2633PL_2,2
2633PL_3,1
2633PL_4,342
2633PL_5,1
2633PL_6,4
2635PL_1,1
2635PL_2,5
2637US_1,1
2637US_2,1
2637US_3,1
2637US_4,1
2638PL_1,1
2638PL_2,20
2638PL_3,1
2638PL_4,1
2642PL_1,1
2642PL_2,9
2643PL_1,1
2643PL_2,3
2644PL_1,1
2644PL_2,5
2645PL_1,1
2645PL_2,5
2646PL_1,1
2646PL_2,62
2646PL_3,1
2646PL_4,1
2647PL_1,1
2647PL_2,4
2649PL_1,1
2650PL_1,1
2650PL_2,9
2651PL_1,1
2651PL_10,1
2651PL_11,5
2651PL_12,1
2651PL_13,35
2651PL_14,1
2651PL_15,21
2651PL_16,1
2651PL_17,34
2651PL_18,1
2651PL_19,4
2651PL_2,3
2651PL_3,1
2651PL_4,1
2651PL_5,1
2651PL_6,1
2651PL_7,5
2651PL_8,1
2651PL_9,36
2652PL_1,1
2652PL_2,4
2654PL_1,1
2654PL_2,5
2655PL_1,1
2655PL_2,7
2656PL_1,1
2656PL_2,9
2659PL_1,1
2659PL_2,49
2660PL_1,1
2660PL_2,5
2662US_1,1
2663US_1,1
2669PL_1,1
2669PL_2,4
2669PL_3,1
2669PL_4,4
2670PL_1,1
2670PL_2,5
2671PL_1,1
2671PL_2,14
2671PL_3,1
2671PL_4,2
2676PL_1,1
2676PL_2,6
2677PL_1,1
2677PL_2,22
2677PL_3,1
2677PL_4,2
2677PL_5,1
2677PL_6,3
2677PL_7,1
2677PL_8,3
2678PL_1,1
2678PL_2,13
2678PL_3,1
2678PL_4,7
2678PL_5,1
2678PL_6,2
2679PL_1,1
2679PL_2,6
267CA_1,95
2683RO_1,1
2683RO_2,3
2683RO_3,1
2683RO_4,3
2683RO_5,1
2683RO_6,5
2684PL_1,1
2686PL_1,1
2687US_1,1
2687US_2,1
2689PL_1,1
268PL_1,1
268PL_2,531
268PL_3,1
268PL_4,3
2692DE_1,1
2692DE_2,4
2694PL_1,1
2694PL_2,3
2694PL_3,1
2694PL_4,9
2696PL_1,1
2696PL_2,3
2696PL_3,1
2696PL_4,1
2699PL_1,1
2699PL_2,37
2699PL_3,1
2699PL_4,1
269PL_1,1
269PL_2,5
2705PL_1,1
2705PL_2,5
2706PL_1,1
2706PL_2,3
2707PL_1,1
2707PL_2,4
2713PL_1,1
2713PL_2,10
2713PL_3,1
2713PL_4,36
2714PL_1,1
2714PL_2,22
2715PL_1,1
2715PL_2,29
2716PL_1,1
2716PL_2,32
2717PL_1,1
2717PL_2,7
2720PL_1,1
2720PL_2,3
2720PL_3,1
2720PL_4,2
2720PL_5,1
2721US_1,1
2722PL_1,1
2722PL_2,4
2724PL_1,1
2724PL_2,77
2728PL_1,1
2728PL_2,3
2728PL_3,1
2730PL_1,1
2730PL_2,18
2730PL_3,51
2732PL_1,1
2732PL_2,7
2736PL_1,1
2736PL_2,3
2736PL_3,1
2736PL_4,2
273DE_1,1
273DE_2,1
273DE_3,1
273DE_4,1
2740PL_1,1
2740PL_2,5
2740PL_3,1
2740PL_4,1
2743PL_1,1
2743PL_2,5
2744PL_1,81
2746PL_1,1
2746PL_2,5
2748PL_1,6
2748PL_2,36
2748PL_3,1
2748PL_4,3
2750PL_1,1
2752PL_1,1
2752PL_2,8
2752PL_3,1
2753PL_1,1
2753PL_2,3
2753PL_3,1
2753PL_4,16
2753PL_5,1
2753PL_6,3
2753PL_7,1
2753PL_8,11
2754PL_1,1
2754PL_2,14
2754PL_3,1
2756PL_1,1
2756PL_2,3
2756PL_3,1
2756PL_4,10
2759PL_1,1
2759PL_2,15
2759PL_3,1
2759PL_4,1
275DE_1,1
2761PL_1,1
2761PL_2,5
2761PL_3,1
2761PL_4,4
2763PL_1,1
2763PL_2,9
2764DE_1,2
2765PL_1,1
2765PL_2,21
2766PL_1,1
2766PL_2,5
2769PL_1,1
2769PL_2,5
2769PL_3,1
2769PL_4,4
2771PL_1,1
2771PL_2,3
2771PL_3,1
2771PL_4,19
2771PL_5,1
2771PL_6,11
2772PL_1,1
2772PL_10,250
2772PL_2,2
2772PL_3,1
2772PL_4,5
2772PL_5,1
2772PL_6,5
2772PL_7,1
2772PL_8,29
2772PL_9,1
2773PL_1,1
2773PL_2,4
2778PL_1,1
2778PL_2,3
2779PL_1,1
2779PL_2,2
2783FR_1,1
2783FR_2,3
2783FR_3,1
2783FR_4,1
2785PL_1,1
2785PL_2,5
2786PL_1,1
2786PL_2,46
2786PL_3,37
2786PL_4,1
2786PL_5,7
2786PL_6,13
2786PL_7,1
2786PL_8,3
2786PL_9,1
2787PL_1,1
2787PL_2,5
2790PL_1,1
2790PL_2,7
2794PL_1,1
2794PL_2,6
2798PL_1,1
2798PL_2,8
2799PL_1,1
2799PL_2,129
2799PL_3,1
2799PL_4,13
27PL_1,14
27PL_2,9
27PL_3,10
27PL_4,196
27PL_5,135
2801PL_1,1
2801PL_2,3
2801PL_3,1
2801PL_4,6
2801PL_5,1
2801PL_6,3
2801PL_7,1
2801PL_8,1
2802PL_1,1
2802PL_10,280
2802PL_11,4
2802PL_2,4
2802PL_3,1
2802PL_4,29
2802PL_5,1
2802PL_6,4
2802PL_7,1
2802PL_8,9
2802PL_9,1
2803PL_1,1
2803PL_2,5
2804PL_1,1
2804PL_2,70
2804PL_3,1
2804PL_4,3
2805PL_1,1
2805PL_2,4
2805PL_3,1
2806PL_1,1
2806PL_2,6
2806PL_3,1
2806PL_4,2
2806PL_5,1
2806PL_6,8
2806PL_7,1
2808PL_1,1
2808PL_2,5
2808PL_3,1
2808PL_4,2
2808PL_5,1
2808PL_6,25
2812PL_1,1
2812PL_2,12
2812PL_3,3
2816PL_1,1
2816PL_2,4
2818PL_1,1
2818PL_2,10
2818PL_3,1
2818PL_4,3
2819PL_1,1
2819PL_2,5
2820PL_1,1
2820PL_2,5
2821PL_1,1
2821PL_2,5
2823PL_1,1
2823PL_2,3
2823PL_3,1
2823PL_4,1
2824PL_1,1
2825PL_1,1
2825PL_2,5
2826PL_1,1
2826PL_2,5
2827PL_1,1
2827PL_2,9
2829PL_1,9
2831PL_1,1
2831PL_2,83
2832PL_1,1
2832PL_2,4
2833PL_1,1
2833PL_2,3
2833PL_3,1
2833PL_4,2
2834PL_1,1
2834PL_2,7
2834PL_3,1
2834PL_4,1
2835PL_1,1
2835PL_2,14
2835PL_3,1
2835PL_4,3
2839PL_1,1
2839PL_2,5
2843PL_1,1
2843PL_2,13
2843PL_3,1
2843PL_4,1
2844PL_1,4
2844PL_2,1
2848PL_1,2
2848PL_2,39
2850PL_1,1
2850PL_2,5
2854PL_1,1
2854PL_2,11
2855PL_1,1
2855PL_2,20
2855PL_3,1
2855PL_4,2
2856PL_1,1
2856PL_2,5
2856PL_3,1
2856PL_4,3
2857PL_1,1
2857PL_2,32
2859PL_1,1
2859PL_2,5
2861PL_1,1
2861PL_2,8
2861PL_3,1
2863PL_1,1
2863PL_2,12
2863PL_3,1
2863PL_4,2
2864PL_1,1
2864PL_2,4
2864PL_3,1
2864PL_4,4
2864PL_5,1
2864PL_6,4
2864PL_7,1
2864PL_8,4
2866PL_1,1
2866PL_2,47
2866PL_3,1
2866PL_4,1
2868PL_1,1
2868PL_2,114
286PL_1,1
286PL_2,5
2872PL_1,1
2872PL_2,5
2872PL_3,1
2872PL_4,79
2875PL_1,1
2875PL_2,5
2876PL_1,1
2876PL_2,5
2876PL_3,1
2876PL_4,4
2876PL_5,1
2876PL_6,16
2876PL_7,1
2876PL_8,3
2877PL_1,1
2877PL_2,5
2879PL_1,1
2879PL_2,6
2882PL_1,1
2882PL_2,9
2883PL_1,1
2883PL_2,5
2898PL_1,1
2899PL_1,1
2899PL_2,5
2899PL_3,1
2899PL_4,6
289US_1,1
289US_2,1
28PL_1,40
2900PL_1,1
2900PL_2,5
2901AU_1,1
2901AU_2,1
2905PL_1,1
2905PL_2,9
2905PL_3,2
2907PL_1,1
2907PL_2,4
2908PL_1,1
2909PL_1,1
2909PL_2,5
2913US_1,1
2913US_2,1
2913US_3,1
2913US_4,10
2914PL_1,1
2914PL_2,5
2915US_1,9
2916US_1,10
2917US_1,1
2918US_1,9
2919US_1,9
291PL_1,1
2921PL_1,1
2921PL_2,3
2927PL_1,1
2927PL_2,38
2927PL_3,1
2927PL_4,2
2931PL_1,1
2931PL_2,2
2932PL_1,1
2932PL_2,1
2934PL_1,1
2934PL_2,4
2935PL_1,1
2935PL_2,5
2935PL_3,1
2935PL_4,5
2938PL_1,1
2938PL_2,5
293PL_1,1
293PL_2,5
2941PL_1,1
2941PL_10,9
2941PL_11,1
2941PL_12,8
2941PL_13,1
2941PL_14,4
2941PL_15,1
2941PL_16,22
2941PL_2,4
2941PL_3,1
2941PL_4,3
2941PL_5,1
2941PL_6,10
2941PL_7,1
2941PL_8,2
2941PL_9,1
2942PL_1,1
2942PL_2,7
2942PL_3,1
2942PL_4,4
2942PL_5,1
2942PL_6,10
2944PL_1,1
2944PL_2,9
2944PL_3,1
2944PL_4,2
2945PL_1,1
2945PL_2,5
2945PL_3,1
2945PL_4,1
2947PL_1,1
2947PL_2,19
2947PL_3,1
2947PL_4,5
2949PL_1,1
2949PL_2,4
294US_1,1
2950PL_1,1
2950PL_2,18
2950PL_3,1
2950PL_4,4
2954PL_1,1
2954PL_2,5
2963PL_1,1
2963PL_2,4
2964PL_1,1
2964PL_2,5
2965PL_1,1
2965PL_2,3
2965PL_3,1
2965PL_4,1
2965PL_5,1
2966PL_1,1
2966PL_2,5
2968PL_1,1
2968PL_2,5
2968PL_3,1
2968PL_4,4
296SG_1,13
296SG_2,1
2971PL_1,1
2971PL_2,16
2972PL_1,25
2976PL_1,1
2976PL_2,5
2977PL_1,1
2977PL_2,5
2978PL_1,1
2978PL_2,25
2978PL_3,1
2978PL_4,3
2979PL_1,1
2979PL_2,10
2983PL_1,1
2983PL_2,7
2986PL_1,1
2986PL_2,3
2987PL_1,1
2987PL_2,7
2988PL_1,1
2988PL_2,4
2988PL_3,1
2988PL_4,9
2990US_1,1
2994PL_1,1
2994PL_2,4
2997PL_1,1
2997PL_2,5
29PL_1,15
3001PL_1,1
3001PL_2,3
3001PL_3,1
3001PL_4,4
3001PL_5,1
3001PL_6,6
3001PL_7,1
3003PL_1,1
3003PL_10,2
3003PL_2,2
3003PL_3,1
3003PL_4,6
3003PL_5,1
3003PL_6,8
3003PL_7,1
3003PL_8,11
3003PL_9,1
3004PL_1,1
3004PL_2,1
3004PL_3,3
3004PL_4,1
3004PL_5,2
3007PL_1,1
3007PL_2,8
3008PL_1,1
3008PL_2,1
3008PL_3,34
3008PL_4,1
3008PL_5,35
3008PL_6,1
3008PL_7,2
3008PL_8,1
3008PL_9,4
3010PL_1,1
3010PL_2,5
3011PL_1,1
3011PL_2,24
3011PL_3,1
3011PL_4,2
3013FR_1,1
3013FR_2,61
3013FR_3,1
3013FR_4,5
3014PL_1,1
3014PL_2,5
3015PL_1,32
3016PL_1,37
3017PL_1,1
3017PL_2,11
3017PL_3,1
3017PL_4,2
3022PL_1,1
3022PL_2,4
3023PL_1,1
3023PL_2,4
3024PL_1,1
3024PL_2,4
3026PL_1,1
3026PL_2,5
3030DK_1,1
3030DK_2,6
3032PL_1,1
3032PL_2,2
3032PL_3,1
3032PL_4,1
3033PL_1,1
3033PL_2,4
3036PL_1,1
3036PL_2,7
3037PL_1,1
3037PL_2,3
3038PL_1,1
3038PL_2,3
3038PL_3,1
3038PL_4,1
3038PL_5,3
3038PL_6,1
3038PL_7,1
3038PL_8,1
3040PL_1,1
3040PL_2,12
3040PL_3,1
3040PL_4,1
3043PL_1,1
3043PL_2,10
3045PL_1,1
3045PL_2,3
3046PL_1,1
3046PL_2,13
3048PL_1,1
3048PL_2,5
3049PL_1,1
3049PL_2,5
304PL_1,1
304PL_10,1
304PL_11,1
304PL_12,1
304PL_13,1
304PL_14,1
304PL_15,1
304PL_16,1
304PL_17,1
304PL_18,1
304PL_19,1
304PL_2,1
304PL_20,1
304PL_21,1
304PL_22,1
304PL_23,1
304PL_24,1
304PL_25,1
304PL_26,1
304PL_27,1
304PL_28,1
304PL_29,1
304PL_3,1
304PL_30,1
304PL_31,1
304PL_32,1
304PL_33,1
304PL_34,1
304PL_35,1
304PL_36,1
304PL_37,1
304PL_38,1
304PL_39,1
304PL_4,1
304PL_40,1
304PL_41,1
304PL_5,1
304PL_6,1
304PL_7,1
304PL_8,1
304PL_9,1
3050PL_1,1
3050PL_2,15
3050PL_3,1
3050PL_4,8
3056PL_1,1
3056PL_2,2
3056PL_3,1
3056PL_4,336
3057PL_1,1
3057PL_2,59
3057PL_3,1
3057PL_4,3
3057PL_5,2
3061PL_1,73
3061PL_2,2
3061PL_3,34
3062PL_1,1
3062PL_2,5
3063PL_1,1
3063PL_2,5
3065PL_1,1
3065PL_2,3
3065PL_3,1
3065PL_4,9
3065PL_5,1
3065PL_6,1
3066PL_1,1
3066PL_2,5
3067PL_1,1
3067PL_2,30
3067PL_3,1
3067PL_4,1
3067PL_5,1
3068PL_1,1
3068PL_2,5
3068PL_3,1
3068PL_4,18
3069PL_1,3
3069PL_2,1
3070PL_1,1
3070PL_2,6
3071PL_1,1
3071PL_2,5
3075PL_1,2
3075PL_2,21
3082PL_1,1
3082PL_2,5
3083PL_1,1
3083PL_2,4
3084PL_1,1
3084PL_2,4
3085PL_1,1
3085PL_2,24
3085PL_3,1
3085PL_4,1
3089PL_1,1
3089PL_2,2
3089PL_3,1
3089PL_4,2
3090PL_1,1
3090PL_2,2
3092PL_1,1
3092PL_2,5
3093PL_1,1
3093PL_2,2
3093PL_3,1
3093PL_4,20
3093PL_5,1
3093PL_6,2
3093PL_7,1
3094PL_1,1
3094PL_2,6
3095PL_1,1
3095PL_2,13
30PL_1,323
30PL_2,705
3104PL_1,1
3104PL_2,15
3104PL_3,1
3104PL_4,1
3105PL_1,1
3105PL_2,15
3105PL_3,1
3105PL_4,3
3106US_1,1
3106US_2,1
3106US_3,1
3109PL_1,1
3109PL_2,5
3110PL_1,1
3110PL_2,25
3112PL_1,1
3112PL_2,60
3112PL_3,1
3112PL_4,1
3113PL_1,1
3113PL_2,4
3115PL_1,1
3115PL_2,5
3117PL_1,1
3117PL_2,3
3118PL_1,1
3118PL_2,4
311US_1,1
311US_2,1
311US_3,1
311US_4,1
311US_5,5
3121US_1,1
3121US_2,1
3122PL_1,1
3122PL_2,4
3125PL_1,1
3125PL_2,7
3127PL_1,1
3127PL_2,2
3127PL_3,1
3127PL_4,4
3128DE_1,1
3128DE_2,15
3128DE_3,1
3128DE_4,1
3129PL_1,1
3129PL_2,13
3129PL_3,1
3129PL_4,2
3132PL_1,1
3132PL_2,11
3132PL_3,1
3132PL_4,2
3134PL_1,1
3134PL_2,67
3134PL_3,3
3135PL_1,1
3135PL_2,26
3135PL_3,1
3135PL_4,1
3139PL_1,1
3139PL_2,8
313US_1,5
3140PL_1,18
3142PL_1,1
3142PL_2,5
3144PL_1,1
3144PL_2,4
3145PL_1,1
3145PL_2,9
3146PL_1,1
3146PL_2,18
3147PL_1,1
3147PL_2,5
3150PL_1,1
3150PL_2,5
3156PL_1,18
3158PL_1,1
3158PL_2,5
315US_1,1
3160PL_1,1
3160PL_2,5
3161PL_1,1
3161PL_2,4
3162PL_1,1
3162PL_2,3
3162PL_3,1
3162PL_4,1
3162PL_5,1
3162PL_6,7
3163PL_1,1
3163PL_2,7
3164PL_1,1
3164PL_2,10
3164PL_3,1
3164PL_4,2
316US_1,5
3170PL_1,1
3170PL_2,6
3170PL_3,1
3170PL_4,9
3171PL_1,1
3171PL_2,4
3172PL_1,1
3172PL_2,2
3172PL_3,1
3172PL_4,16
3172PL_5,1
3172PL_6,1
3172PL_7,1
3176PL_1,1
3176PL_2,9
3176PL_3,1
3176PL_4,2
3178PL_1,1
3178PL_2,4
317US_1,4
3181PL_1,1
3181PL_2,9
3183PL_1,1
3183PL_2,5
3184PL_1,1
3184PL_2,12
3184PL_3,1
3184PL_4,4
3184PL_5,1
3184PL_6,10
3184PL_7,1
3184PL_8,2
3185US_1,1
3186PL_1,1
3186PL_2,3
3186PL_3,1
3186PL_4,1
3186PL_5,1
3186PL_6,1
3187PL_1,1
3187PL_2,3
3188PL_1,1
3188PL_2,5
318US_1,4
3190PL_1,1
3190PL_2,98
3190PL_3,3
3193PL_1,1
3193PL_2,4
3195PL_1,1
3195PL_2,6
3198PL_1,1
3198PL_2,19
3198PL_3,1
3198PL_4,4
319US_1,4
31PL_1,334
31PL_2,973
3202PL_1,1
3202PL_2,5
3203PL_1,1
3203PL_2,5
3203PL_3,1
3204PL_1,1
3204PL_2,3
3204PL_3,1
3204PL_4,1
3204PL_5,1
3204PL_6,17
3204PL_7,2
3206PL_1,239
3209PL_1,1
3209PL_2,3
3210PL_1,1
3210PL_2,9
3212PL_1,1
3212PL_2,9
3214PL_1,1
3214PL_2,9
3214PL_3,1
3214PL_4,2
3218PL_1,1
3218PL_2,5
3220PL_1,1
3220PL_2,11
3220PL_3,1
3220PL_4,2
3220PL_5,1
3220PL_6,7
3221PL_1,1
3221PL_2,45
3221PL_3,1
3221PL_4,2
3223PL_1,1
3223PL_2,10
3223PL_3,1
3223PL_4,2
3225PL_1,1
3225PL_2,5
3225PL_3,1
3225PL_4,4
3225PL_5,1
3225PL_6,4
3226PL_1,1
3226PL_2,14
3228PL_1,1
3228PL_2,4
3228PL_3,1
3228PL_4,3
3228PL_5,1
3228PL_6,10
3228PL_7,1
3228PL_8,3
3230PL_1,1
3230PL_2,4
3232PL_1,1
3232PL_2,22
3236PL_1,1
3236PL_2,5
3236PL_3,1
3236PL_4,3
3236PL_5,1
3236PL_6,2
3237PL_1,1
3237PL_2,11
3237PL_3,1
3237PL_4,2
323PL_1,1
3240PL_1,1
3240PL_2,4
3242PL_1,1
3242PL_2,3
3242PL_3,1
3242PL_4,1
3243PL_1,1
3243PL_2,7
3243PL_3,1
3243PL_4,1
3244PL_1,1
3244PL_10,11
3244PL_11,1
3244PL_12,55
3244PL_2,3
3244PL_3,1
3244PL_4,2
3244PL_5,1
3244PL_6,16
3244PL_7,1
3244PL_8,10
3244PL_9,1
3249US_1,1
3251PL_1,1
3251PL_2,3
3251PL_3,1
3251PL_4,11
3251PL_5,1
3251PL_6,117
3255PL_1,1
3255PL_2,9
3255PL_3,1
3255PL_4,6
3255PL_5,1
3255PL_6,52
3256PL_1,1
3256PL_2,22
3256PL_3,1
3256PL_4,4
3259PL_1,1
3259PL_2,2
3259PL_3,1
3259PL_4,10
3259PL_5,1
3259PL_6,1
3259PL_7,1
325US_1,1
3263PL_1,1
3263PL_2,14
3267PL_1,1
3267PL_2,5
3267PL_3,1
3267PL_4,3
3267PL_5,1
3268PL_1,1
3268PL_2,25
3268PL_3,1
3268PL_4,31
326US_1,1
3270PL_1,1
3270PL_2,67
3271PL_1,1
3271PL_2,12
3271PL_3,1
3271PL_4,2
3277PL_1,1
3277PL_2,3
3277PL_3,1
327PL_1,1
327PL_2,79
327PL_3,141
3281PL_1,1
3281PL_2,7
3282PL_1,1
3282PL_2,3
3282PL_3,1
3282PL_4,1
3284PL_1,1
3284PL_2,5
3285PL_1,1
3285PL_2,6
3285PL_3,1
3285PL_4,12
3285PL_5,1
3285PL_6,3
3286PL_1,1
3286PL_2,5
3290PL_1,1
3290PL_2,63
3292PL_1,1
3292PL_2,4
3294PL_1,1
3294PL_2,1
3295PL_1,1
3295PL_2,5
3297PL_1,1
3297PL_2,8
3297PL_3,1
3297PL_4,5
3297PL_5,3
32PL_1,332
32PL_2,347
32PL_3,1
32PL_4,3
32PL_5,1
32PL_6,2
3305PL_1,1
3305PL_10,12
3305PL_11,1
3305PL_12,3
3305PL_13,1
3305PL_14,3
3305PL_2,2
3305PL_3,1
3305PL_4,4
3305PL_5,1
3305PL_6,5
3305PL_7,1
3305PL_8,12
3305PL_9,1
3307PL_1,1
330US_1,1
3311PL_1,1
3311PL_2,84
3311PL_3,1
3311PL_4,3
3313PL_1,1
3313PL_2,99
3313PL_3,1
3313PL_4,46
3313PL_5,1
3313PL_6,9
3314PL_1,1
3315PL_1,1
3315PL_2,60
3316PL_1,1
3316PL_2,5
3318PL_1,1
3318PL_2,15
3318PL_3,1
3318PL_4,2
331PL_1,1
331PL_2,69
331PL_3,18
3320PL_1,1
3320PL_2,4
3327PL_1,1
3327PL_2,5
3328PL_1,1
3328PL_2,6
332PL_1,9
332PL_10,4
332PL_2,1
332PL_3,1
332PL_4,19
332PL_5,1
332PL_6,10
332PL_7,1
332PL_8,3
332PL_9,1
3330PL_1,1
3330PL_2,5
3331PL_1,1
3331PL_2,9
3331PL_3,1
3331PL_4,2
3333PL_1,1
3333PL_2,6
3336PL_1,1
3336PL_2,7
3337PL_1,1
3337PL_2,8
3338PL_1,1
3338PL_2,5
3338PL_3,1
3338PL_4,5
3343PL_1,1
3343PL_2,4
3346PL_1,1
3346PL_2,15
3346PL_3,1
3346PL_4,2
3352NO_1,1
3352NO_2,46
3356PL_1,1
3356PL_2,19
3356PL_3,1
3356PL_4,4
3356PL_5,1
3356PL_6,10
3356PL_7,1
3356PL_8,4
3357PL_1,1
3357PL_2,4
3357PL_3,1
3357PL_4,9
3357PL_5,1
3357PL_6,81
3363PL_1,1
3363PL_2,7
3365PL_1,1
3365PL_2,6
3366PL_1,1
3366PL_2,5
3366PL_3,1
3366PL_4,5
3366PL_5,1
3366PL_6,20
3367PL_1,1
3367PL_2,59
3368PL_1,1
3368PL_2,5
3368PL_3,1
3368PL_4,5
3370PL_1,1
3370PL_2,4
3370PL_3,1
3370PL_4,11
3372PL_1,1
3372PL_2,7
3373PL_1,1
3373PL_2,46
3373PL_3,1
3373PL_4,1
3375PL_1,1
3375PL_2,6
3376PL_1,1
3376PL_2,7
3381PL_1,1
3381PL_2,7
3383PL_1,1
3383PL_2,8
3383PL_3,1
3383PL_4,2
3384PL_1,18
3384PL_2,34
3386PL_1,1
3386PL_2,5
3387PL_1,1
3387PL_2,5
3387PL_3,1
3387PL_4,4
338PL_1,1
338PL_2,35
3398PL_1,1
3398PL_2,4
33PL_1,13
33PL_2,1
3404PL_1,1
3404PL_2,75
3404PL_3,1
3404PL_4,2
3404PL_5,1
3404PL_6,252
3405PL_1,1
3405PL_2,5
3407PL_1,2
3407PL_2,3
3409PL_1,1
3409PL_2,6
3409PL_3,1
3409PL_4,3
3414PL_1,1
3414PL_2,8
3414PL_3,1
3414PL_4,5
3414PL_5,1
3414PL_6,14
3417PL_1,1
3417PL_2,41
3419PL_1,1
3419PL_2,6
341US_1,1
3420PL_1,1
3420PL_2,13
3420PL_3,1
3420PL_4,1
3426PL_1,1
3426PL_2,46
3427PL_1,1
3427PL_2,5
3428PL_1,1
3428PL_2,35
3430PL_1,1
3430PL_10,17
3430PL_2,3
3430PL_3,1
3430PL_4,18
3430PL_5,1
3430PL_6,53
3430PL_7,1
3430PL_8,5
3430PL_9,1
3433PL_1,1
3433PL_2,5
3434PL_1,1
3434PL_2,2
3435PL_1,3
3436PL_1,1
3436PL_2,6
3439PL_1,1
3439PL_2,4
3440PL_1,1
3440PL_2,12
3441PL_1,1
3441PL_2,9
3441PL_3,1
3441PL_4,2
3443PL_1,1
3443PL_2,5
3444PL_1,1
3444PL_2,2
3445PL_1,1
3445PL_2,8
3445PL_3,1
3445PL_4,7
3446PL_1,1
3446PL_2,8
3446PL_3,1
3446PL_4,3
3446PL_5,1
3446PL_6,4
3448PL_1,1
3449PL_1,1
3449PL_2,8
3449PL_3,19
344PL_1,1
344PL_2,3
344PL_3,1
3450PL_1,1
3450PL_2,4
3451PL_1,1
3451PL_2,6
3451PL_3,1
3451PL_4,4
3452PL_1,1
3452PL_2,6
3453PL_1,1
3453PL_2,50
3453PL_3,1
3454PL_1,1
3454PL_2,7
3458PL_1,1
3458PL_2,5
3459PL_1,1
3459PL_2,19
345US_1,1
3461PL_1,1
3461PL_2,7
3462PL_1,4
3462PL_2,3
3463PL_1,1
3463PL_2,6
3463PL_3,1
3463PL_4,4
3463PL_5,1
3463PL_6,16
3463PL_7,1
3465PL_1,1
3465PL_2,5
3468PL_1,1
3468PL_10,4
3468PL_2,28
3468PL_3,1
3468PL_4,3
3468PL_5,1
3468PL_6,4
3468PL_7,1
3468PL_8,2
3468PL_9,1
346PL_1,1
346PL_2,17
346PL_3,1
346PL_4,4
3470PL_1,1
3470PL_2,4
3471US_1,1
3471US_2,3
3471US_3,1
3473PL_1,1
3473PL_2,4
3476PL_1,1
3476PL_2,7
3476PL_3,1
3476PL_4,11
3476PL_5,1
3476PL_6,39
3477PL_1,1
3477PL_2,8
3477PL_3,1
3477PL_4,1
3480PL_1,1
3480PL_2,9
3480PL_3,1
3481NO_1,2
3483PL_1,1
3483PL_2,3
3483PL_3,1
3484PL_1,3
3489PL_1,1
3489PL_2,5
348PL_1,1
3490PL_1,1
3490PL_2,14
3490PL_3,1
3490PL_4,32
3493PL_1,1
3493PL_2,5
3494PL_1,1
3494PL_2,5
3496PL_1,1
3496PL_2,5
3496PL_3,1
3496PL_4,1
3496PL_5,1
3499PL_1,1
3499PL_2,3
349NL_1,1
3500PL_1,1
3500PL_2,92
3502PL_1,1
3502PL_2,5
3503PL_1,1
3503PL_2,4
3505PL_1,1
3505PL_2,6
3507PL_1,1
3507PL_2,17
3507PL_3,1
3507PL_4,4
3511PL_1,1
3511PL_2,4
3513PL_1,1
3513PL_2,5
3515PL_1,1
3515PL_10,5
3515PL_2,10
3515PL_3,1
3515PL_4,7
3515PL_5,1
3515PL_6,2
3515PL_7,1
3515PL_8,3
3515PL_9,1
3517PL_1,1
3517PL_2,4
3518PL_1,1
3518PL_2,13
3519PL_1,1
3519PL_2,5
351PL_1,1
351PL_2,5
351PL_3,1
351PL_4,3
351PL_5,1
351PL_6,1
351PL_7,1
3520PL_1,1
3520PL_2,8
3521PL_1,2
3521PL_2,113
3527PL_1,1
3527PL_2,2
3527PL_3,1
3527PL_4,2
352PL_1,1
352PL_2,5
3532PL_1,1
3532PL_2,7
3534PL_1,1
3534PL_2,2
3534PL_3,1
3534PL_4,1
3534PL_5,1
3534PL_6,1
3536US_1,1
3538PL_1,1
3538PL_2,5
3539PL_1,1
3539PL_2,5
3539PL_3,1
3539PL_4,9
3542PL_1,1
3542PL_2,5
3542PL_3,1
3542PL_4,6
3543PL_1,1
3543PL_10,6
3543PL_11,1
3543PL_12,3
3543PL_13,1
3543PL_14,7
3543PL_15,1
3543PL_16,7
3543PL_17,1
3543PL_18,4
3543PL_19,1
3543PL_2,2
3543PL_20,6
3543PL_21,1
3543PL_22,6
3543PL_23,1
3543PL_24,11
3543PL_25,1
3543PL_26,6
3543PL_27,1
3543PL_28,5
3543PL_29,1
3543PL_3,1
3543PL_30,4
3543PL_31,1
3543PL_32,33
3543PL_33,1
3543PL_34,5
3543PL_35,1
3543PL_36,3
3543PL_37,1
3543PL_38,5
3543PL_39,1
3543PL_4,31
3543PL_40,28
3543PL_5,1
3543PL_6,12
3543PL_7,1
3543PL_8,19
3543PL_9,1
3545PL_1,1
3545PL_2,3
3545PL_3,1
3545PL_4,1
3545PL_5,1
3546PL_1,1
3546PL_2,7
3547PL_1,1
3547PL_2,3
3547PL_3,1
3547PL_4,1
3547PL_5,3
3547PL_6,1
3547PL_7,4
3547PL_8,1
3547PL_9,20
354US_1,1
354US_2,1
3550PL_1,1
3550PL_2,3
3550PL_3,1
3551PL_1,1
3551PL_2,5
3551PL_3,1
3551PL_4,3
3551PL_5,1
3551PL_6,3
3552PL_1,1
3552PL_2,5
3555PL_1,1
3555PL_2,5
3557PL_1,1
3557PL_2,7
3559PL_1,1
3559PL_2,3
3559PL_3,1
3559PL_4,1
3559PL_5,1
3560PL_1,1
3560PL_2,3
3560PL_3,1
3560PL_4,1
3560PL_5,1
3560PL_6,649
3562PL_1,1
3562PL_2,6
3564PL_1,1
3564PL_2,5
3565PL_1,1
3565PL_2,1
3572PL_1,1
3572PL_2,28
3572PL_3,1
3572PL_4,2
3573PL_1,1
3573PL_2,13
3574PL_1,1
3574PL_2,4
3575PL_1,1
3575PL_2,175
3575PL_3,1
3575PL_4,3
3576PL_1,1
3576PL_2,8
3576PL_3,1
3576PL_4,3
357PL_1,1
357PL_2,3
357PL_3,1
357PL_4,6
3580US_1,1
3580US_2,1
3583PL_1,1
3583PL_2,149
3583PL_3,1
3583PL_4,21
3584PL_1,1
3584PL_2,18
3584PL_3,1
3584PL_4,13
3586PL_1,1
3586PL_2,5
3590PL_1,1
3590PL_2,3
3590PL_3,1
3590PL_4,6
3591PL_1,1
3591PL_2,5
3595PL_1,1
3595PL_2,28
3598FR_1,1
3598FR_2,5
3598FR_3,1
3598FR_4,3
35PL_1,34
35PL_2,279
35PL_3,111
35PL_4,242
3601PL_1,1
3601PL_10,1
3601PL_2,42
3601PL_3,1
3601PL_4,2
3601PL_5,1
3601PL_6,4
3601PL_7,1
3601PL_8,7
3601PL_9,1
3607PL_1,1
3607PL_2,82
3607PL_3,1
3607PL_4,6
360PL_1,1
360PL_2,5
3611PL_1,1
3611PL_2,5
3612PL_1,1
3612PL_2,4
3618PL_1,1
3618PL_2,46
3618PL_3,1
3619PL_1,1
3619PL_2,20
3619PL_3,2
3619PL_4,1
3619PL_5,29
361PL_1,1
361PL_2,1
361PL_3,1
3620PL_1,1
3620PL_2,16
3621PL_1,1
3621PL_10,2
3621PL_2,5
3621PL_3,1
3621PL_4,19
3621PL_5,1
3621PL_6,2
3621PL_7,1
3621PL_8,8
3621PL_9,1
3622PL_1,1
3622PL_2,3
3622PL_3,1
3622PL_4,1
3625PL_1,1
3625PL_2,3
3625PL_3,1
3625PL_4,30
3625PL_5,1
362PL_1,50
3633US_1,1
3633US_2,1
3633US_3,1
3633US_4,2
3633US_5,1
3633US_6,3
3634US_1,7
3634US_2,1
3634US_3,4
3634US_4,1
3634US_5,1
3635US_1,2
3635US_2,1
3635US_3,1
3635US_4,7
3635US_5,1
3635US_6,1
3635US_7,4
3636US_1,1
3636US_2,4
3637US_1,1
3637US_2,2
3637US_3,1
3638US_1,2
363PL_1,1
363PL_2,2
3640PL_1,1
3640PL_2,3
3640PL_3,1
3640PL_4,1
3640PL_5,1
3641PL_1,1
3641PL_2,4
3641PL_3,1
3644PL_1,1
3644PL_2,5
3646PL_1,1
3646PL_2,4
3649PL_1,1
3649PL_10,53
3649PL_2,3
3649PL_3,1
3649PL_4,5
3649PL_5,1
3649PL_6,6
3649PL_7,1
3649PL_8,7
3649PL_9,1
364PL_1,1
364PL_2,6
3652PL_1,1
3652PL_10,4
3652PL_11,1
3652PL_12,4
3652PL_13,1
3652PL_14,4
3652PL_15,1
3652PL_16,207
3652PL_17,1
3652PL_18,14
3652PL_19,1
3652PL_2,4
3652PL_20,65
3652PL_21,1
3652PL_22,50
3652PL_3,1
3652PL_4,4
3652PL_5,1
3652PL_6,4
3652PL_7,1
3652PL_8,4
3652PL_9,1
3654PL_1,1
3654PL_2,4
3655PL_1,1
3655PL_2,7
3657PL_1,1
3657PL_2,3
3657PL_3,1
3657PL_4,3
3657PL_5,1
3659PL_1,1
3659PL_2,3
3659PL_3,1
3659PL_4,53
3659PL_5,1
3659PL_6,1
365PL_1,1
365PL_2,93
365PL_3,1
365PL_4,115
365PL_5,1
365PL_6,241
3660PL_1,1
3660PL_2,7
3663PL_1,1
3663PL_2,5
3667PL_1,1
3667PL_2,15
3667PL_3,1
3667PL_4,1
3667PL_5,1
3667PL_6,3
3669PL_1,1
3669PL_2,4
366US_1,1
3670PL_1,1
3670PL_2,5
3671PL_1,1
3671PL_2,5
3674US_1,1
3674US_2,2
3674US_3,1
3674US_4,10
3676US_1,2
3676US_2,1
3676US_3,1
3676US_4,6
3676US_5,1
3676US_6,3
3677US_1,8
3677US_2,1
3677US_3,1
3677US_4,2
3677US_5,1
3677US_6,1
3679PL_1,1
3679PL_2,5
3681PL_1,1
3681PL_2,4
3681PL_3,1
3681PL_4,16
3682PL_1,1
3682PL_2,272
3685US_1,1
3688PL_1,1
3688PL_2,4
3689PL_1,1
3689PL_2,9
3689PL_3,1
3689PL_4,1
3690PL_1,1
3690PL_2,5
3695PL_1,1
3695PL_2,14
3695PL_3,1
3695PL_4,2
3696PL_1,3
3697PL_1,1
3697PL_2,4
3698PL_1,1
3698PL_2,5
3699PL_1,1
3699PL_2,12
369PL_1,1
369PL_2,7
3700PL_1,1
3700PL_2,3
3700PL_3,1
3700PL_4,6
3700PL_5,1
3700PL_6,2
3701AT_1,1
3701AT_2,5
3702PL_1,1
3702PL_2,7
3705PL_1,1
3705PL_2,3
3708PL_1,1
3708PL_2,18
3708PL_3,1
3708PL_4,2
3708PL_5,1
3708PL_6,47
370PL_1,1
370PL_2,5
3710PL_1,1
3710PL_2,5
3711PL_1,1
3711PL_2,47
3711PL_3,1
3711PL_4,2
3713DE_1,1
3713DE_2,22
3713DE_3,1
3713DE_4,212
3713DE_5,1
3713DE_6,8
3713DE_7,1
3713DE_8,212
3716PL_1,1
3716PL_2,5
3722PL_1,1
3722PL_2,6
3725PL_1,1
3725PL_2,4
3726PL_1,1
3726PL_2,3
3726PL_3,1
3726PL_4,7
3726PL_5,1
3727PL_1,1
3727PL_10,2
3727PL_11,2
3727PL_12,3
3727PL_2,2
3727PL_3,1
3727PL_4,17
3727PL_5,1
3727PL_6,10
3727PL_7,2
3727PL_8,12
3727PL_9,2
3728PL_1,1
3728PL_2,5
3729PL_1,1
3729PL_2,7
372PL_1,1
372PL_2,47
3731PL_1,1
3731PL_2,8
3733PL_1,1
3733PL_2,14
3736PL_1,1
3736PL_2,5
373PL_1,1
373PL_2,2
373PL_3,1
373PL_4,4
3740PL_1,1
3740PL_2,5
3742PL_1,1
3742PL_2,7
3745PL_1,1
3745PL_2,5
3746PL_1,1
3746PL_2,1
3746PL_3,5
3747PL_1,1
3747PL_2,11
3747PL_3,1
3747PL_4,29
3747PL_5,1
3747PL_6,16
3748US_1,1
3749PL_1,1
3749PL_2,5
374PL_1,1
374PL_2,3
374PL_3,1
374PL_4,8
3750PL_1,1
3750PL_2,5
3751PL_1,1
3751PL_2,9
3752PL_1,1
3752PL_2,15
3752PL_3,1
3752PL_4,12
3752PL_5,1
3752PL_6,3
3753PL_1,1
3753PL_2,8
3753PL_3,1
3753PL_4,2
3754PL_1,1
3754PL_2,22
3754PL_3,1
3754PL_4,2
3755PL_1,1
3755PL_2,5
3755PL_3,1
3755PL_4,4
3758PL_1,1
3758PL_2,14
3758PL_3,1
3758PL_4,2
3759PL_1,1
3759PL_2,5
375PL_1,1
375PL_2,5
375PL_3,1
375PL_4,5
3760PL_1,1
3760PL_2,4
3760PL_3,1
3760PL_4,52
3760PL_5,1
3760PL_6,98
3762PL_1,1
3762PL_2,8
3762PL_3,1
3762PL_4,25
3762PL_5,1
3762PL_6,1
3763PL_1,1
3763PL_10,4
3763PL_11,1
3763PL_12,3
3763PL_2,4
3763PL_3,1
3763PL_4,8
3763PL_5,1
3763PL_6,2
3763PL_7,1
3763PL_8,5
3763PL_9,1
3765PL_1,1
3765PL_2,5
3765PL_3,1
3765PL_4,5
3766PL_1,1
3766PL_2,7
3767PL_1,1
3767PL_2,4
3769PL_1,1
3769PL_2,5
3772PL_1,1
3772PL_2,10
3772PL_3,1
3772PL_4,3
3773PL_1,1
3773PL_2,28
3775DE_1,20
3778PL_1,1
3778PL_2,2
3778PL_3,1
3778PL_4,6
3783PL_1,1
3783PL_2,56
3784PL_1,1
3784PL_2,13
3784PL_3,1
3784PL_4,2
3786PL_1,1
3786PL_2,3
3789PL_1,1
3789PL_2,14
3789PL_3,1
3789PL_4,1
3789PL_5,8
3790PL_1,1
3790PL_2,2
3790PL_3,1
3790PL_4,9
3790PL_5,1
3790PL_6,2
3790PL_7,1
3790PL_8,339
3794PL_1,1
3794PL_10,8
3794PL_11,1
3794PL_12,6
3794PL_13,1
3794PL_14,2
3794PL_15,1
3794PL_16,8
3794PL_17,1
3794PL_18,5
3794PL_19,1
3794PL_2,3
3794PL_20,9
3794PL_21,1
3794PL_22,17
3794PL_23,1
3794PL_24,1
3794PL_25,3
3794PL_26,1
3794PL_27,4
3794PL_28,1
3794PL_29,17
3794PL_3,1
3794PL_30,1
3794PL_31,1
3794PL_32,1
3794PL_33,2
3794PL_34,1
3794PL_35,2
3794PL_4,7
3794PL_5,1
3794PL_6,1
3794PL_7,1
3794PL_8,13
3794PL_9,1
3799DE_1,1
3799DE_2,7
379PL_1,5
37PL_1,264
37PL_2,76
37PL_3,282
37PL_4,7
3800PL_1,1
3800PL_2,7
3803IE_1,1
3803IE_2,1
3803IE_3,1
3803IE_4,1
3804IE_1,1
3805PL_1,1
3805PL_2,12
3806SE_1,6
3806SE_2,1
3806SE_3,1
3806SE_4,1
3806SE_5,1
3807PL_1,2
3807PL_2,228
3808PL_1,1
3808PL_2,5
3809IE_1,1
3815PL_1,1
3815PL_2,7
3816PL_1,1
3816PL_2,29
3820PL_1,1
382PL_1,2
3830PL_1,1
3830PL_2,5
3831PL_1,1
3831PL_2,55
3835PL_1,1
3835PL_2,2
3835PL_3,1
3835PL_4,11
383PL_1,1
383PL_2,3
383PL_3,1
383PL_4,1
3841PL_1,1
3842US_1,1
3843PL_1,1
3843PL_10,5
3843PL_2,3
3843PL_3,1
3843PL_4,4
3843PL_5,1
3843PL_6,6
3843PL_7,1
3843PL_8,18
3843PL_9,1
3844PL_1,1
3844PL_2,5
3844PL_3,1
3844PL_4,10
3844PL_5,1
3844PL_6,9
3845PL_1,1
3845PL_2,3
3846PL_1,1
3846PL_2,6
3846PL_3,1
3846PL_4,4
3846PL_5,1
3846PL_6,9
3846PL_7,1
3846PL_8,4
3846PL_9,1
3851PL_1,1
3851PL_2,48
3854PL_1,1
3854PL_2,34
3855US_1,1
3856PL_1,1
3856PL_2,11
385US_1,1
3861PL_1,1
3861PL_2,16
3862US_1,1
3864PL_1,1
3864PL_2,5
3864PL_3,1
3864PL_4,5
3866PL_1,1
3866PL_2,13
3867PL_1,1
3868PL_1,1
3868PL_2,12
3869PL_1,1
3869PL_2,2
3869PL_3,1
3869PL_4,1
3870PL_1,1
3870PL_2,5
3871PL_1,1
3871PL_2,100
3871PL_3,1
3871PL_4,3
3873PL_1,1
3873PL_2,4
3875PL_1,1
3875PL_2,5
3876PL_1,1
3876PL_2,25
3878PL_1,1
3878PL_2,8
3879PL_1,1
3879PL_2,5
387US_1,1
3883PL_1,1
3883PL_2,24
3883PL_3,1
3883PL_4,2
3884PL_1,1
3884PL_2,5
3885PL_1,1
3885PL_2,20
3886PL_1,1
3886PL_2,6
3887PL_1,1
3887PL_2,5
3888PL_1,1
3888PL_2,3
388US_1,1
3890PL_1,1
3890PL_2,9
3890PL_3,1
3890PL_4,14
3892PL_1,1
3892PL_2,5
3894PL_1,1
3895PL_1,1
3895PL_2,10
3895PL_3,1
3895PL_4,8
3895PL_5,1
3895PL_6,2
3895PL_7,1
3895PL_8,82
3896PL_1,1
3896PL_2,10
3896PL_3,1
3897PL_1,1
3897PL_2,12
389PL_1,1
389PL_2,3
38US_1,1
38US_10,1
38US_11,1
38US_12,1
38US_13,1
38US_14,1
38US_15,1
38US_16,1
38US_17,1
38US_18,1
38US_19,1
38US_2,1
38US_20,1
38US_21,1
38US_3,1
38US_4,1
38US_5,1
38US_6,1
38US_7,1
38US_8,1
38US_9,1
3903PL_1,1
3903PL_2,3
3903PL_3,1
3903PL_4,107
3904PL_1,1
3904PL_2,2
3904PL_3,1
3904PL_4,3
3905PL_1,1
3905PL_2,5
3907PL_1,1
3907PL_2,3
390US_1,1
3910PL_1,1
3910PL_2,5
3913PL_1,1
3913PL_2,5
3916PL_1,1
3916PL_2,6
3916PL_3,1
3916PL_4,14
3916PL_5,1
3916PL_6,5
3917PL_1,1
3917PL_2,10
3917PL_3,1
3917PL_4,9
3919PL_1,1
3919PL_2,9
391PL_1,1
391PL_2,1
391PL_3,3
391PL_4,1
391PL_5,2
3921US_1,1
3921US_2,1
3921US_3,1
3921US_4,1
3922PL_1,1
3922PL_2,30
3923US_1,1
3925US_1,1
3925US_2,1
3928US_1,1
3935PL_1,1
3935PL_2,4
3936PL_1,1
3936PL_2,5
3937PL_1,1
3937PL_2,6
3937PL_3,1
3937PL_4,2
3939PL_1,1
3939PL_2,11
3939PL_3,1
3939PL_4,1
393PL_1,2
393PL_2,4
3940PL_1,1
3940PL_2,12
3942DE_1,1
3942DE_2,8
3942DE_3,1
3947PL_1,1
3947PL_2,3
3950PL_1,1
3950PL_2,64
3951PL_1,8
3951PL_2,4
3951PL_3,5
3956PL_1,1
3956PL_2,5
3957RU_1,1
3957RU_2,5
3962PL_1,1
3962PL_2,4
3963PL_1,1
3963PL_2,4
3964PL_1,1
3964PL_2,5
3966PL_1,1
3966PL_2,7
3967PL_1,12
3968PL_1,1
3968PL_2,56
3968PL_3,1
3968PL_4,4
3969PL_1,1
3969PL_2,9
3970PL_1,1
3972PL_1,1
3972PL_2,5
3975PL_1,1
3975PL_2,8
3975PL_3,1
3976PL_1,1
3976PL_2,86
3977PL_1,1
3977PL_2,19
3978PL_1,1
3978PL_2,4
397PL_1,1
397PL_2,5
3981PL_1,1
3981PL_2,4
3984DE_1,1
3984DE_2,5
3985SE_1,1
3985SE_2,8
3988PL_1,1
3988PL_2,7
398PL_1,1
398PL_2,2
3990PL_1,17
3991PL_1,1
3991PL_2,5
3994PL_1,1
3994PL_2,12
3994PL_3,1
3994PL_4,1
3994PL_5,1
3994PL_6,14
3PL_1,332
3PL_2,835
3PL_3,1
3PL_4,142
4000PL_1,1
4000PL_2,3
4000PL_3,1
4000PL_4,2
4000PL_5,1
4001PL_1,1
4001PL_2,17
4001PL_3,3
4003PL_1,1
4003PL_2,5
4005PL_1,1
4005PL_2,53
4006PL_1,1
4006PL_2,4
4006PL_3,1
4006PL_4,20
4007PL_1,1
4007PL_2,5
400PL_1,1
400PL_2,2
4012PL_1,2
4012PL_2,6
4012PL_3,1
4012PL_4,4
4012PL_5,1
4014PL_1,1
4014PL_2,3
4014PL_3,1
4014PL_4,1
4015PL_1,224
4015PL_2,1954
4017PL_1,1
4017PL_2,4
4017PL_3,1
4017PL_4,9
4017PL_5,1
4017PL_6,28
4017PL_7,1
4017PL_8,2
4019PL_1,1
4019PL_2,3
4019PL_3,1
4019PL_4,1
4019PL_5,1
4020PL_1,1
4020PL_2,4
4022GB_1,1
4022GB_2,4
4024PL_1,1
4024PL_2,5
4024PL_3,1
4024PL_4,128
4024PL_5,1
4024PL_6,15
4025PL_1,1
4025PL_2,8
4025PL_3,1
4025PL_4,2
4026PL_1,1
4026PL_2,4
4027PL_1,1
4027PL_2,13
4027PL_3,1
4027PL_4,4
4029PL_1,1
4029PL_2,8
4029PL_3,1
4029PL_4,11
4029PL_5,1
4029PL_6,1
4031PL_1,1
4031PL_2,5
4032PL_1,1
4032PL_2,5
4036PL_1,1
4036PL_2,4
4038PL_1,1
4038PL_2,15
4038PL_3,1
4038PL_4,2
4038PL_5,1
4038PL_6,5
4040PL_1,1
4040PL_2,5
4041PL_1,1
4041PL_2,3
4041PL_3,1
4041PL_4,4
4042PL_1,1
4045PL_1,1
4045PL_2,5
4045PL_3,1
4045PL_4,2
4046PL_1,1
4046PL_2,60
4046PL_3,3
4048PL_1,1
4048PL_2,13
4051PL_1,1
4051PL_2,9
4051PL_3,1
4051PL_4,2
4052PL_1,1
4052PL_2,7
4054PL_1,1
4054PL_2,22
4059PL_1,1
4059PL_2,3
4059PL_3,1
4059PL_4,1
4059PL_5,1
405PL_1,80
405PL_2,294
405PL_3,55
4061PL_1,1
4061PL_2,3
4061PL_3,1
4061PL_4,1
4065PL_1,1
4065PL_2,3
4066PL_1,1
4066PL_2,5
4066PL_3,1
4067PL_1,1
4067PL_2,3
4067PL_3,1
4067PL_4,1
4070PL_1,1
4070PL_2,13
4075PL_1,1
4075PL_2,35
4078PL_1,1
4078PL_10,7
4078PL_11,1
4078PL_12,12
4078PL_13,1
4078PL_14,15
4078PL_2,2
4078PL_3,1
4078PL_4,5
4078PL_5,1
4078PL_6,20
4078PL_7,1
4078PL_8,9
4078PL_9,1
4079PL_1,1
4079PL_2,6
407PL_1,1
407PL_2,36
407PL_3,1
407PL_4,9
4080PL_1,1
4080PL_2,23
4082PL_1,1
4082PL_2,5
4083PL_1,1
4083PL_2,4
4083PL_3,1
4083PL_4,4
4083PL_5,1
4083PL_6,4
408US_1,1
4092PL_1,1
4092PL_2,8
4095US_1,1
4096PL_1,1
4096PL_2,4
4096PL_3,1
4096PL_4,19
40PL_1,1
40PL_2,6
40PL_3,1
40PL_4,7
4101PL_1,1
4101PL_2,5
4102PL_1,1
4102PL_2,5
4103PL_1,1
4103PL_2,17
4103PL_3,1
4103PL_4,13
4103PL_5,1
4103PL_6,2
4103PL_7,1
4103PL_8,24
4103PL_9,1
4106PL_1,1
4106PL_2,3
4109PL_1,1
4109PL_2,7
4110PL_1,1
4110PL_2,8
4110PL_3,1
4110PL_4,1
4110PL_5,1
4110PL_6,3
4114PL_1,1
4114PL_2,13
4115US_1,1
4117PL_1,1
4117PL_2,4
4119PL_1,1
4119PL_2,3
4119PL_3,1
4119PL_4,8
4119PL_5,1
4119PL_6,30
4120PL_1,1
4120PL_2,6
4121PL_1,1
4121PL_2,5
4122PL_1,1
4122PL_2,14
4122PL_3,1
4122PL_4,3
4123PL_1,1
4123PL_2,4
4123PL_3,1
4123PL_4,7
4124PL_1,1
4124PL_2,24
4125PL_1,1
4125PL_2,7
4125PL_3,1
4125PL_4,41
4125PL_5,1
4125PL_6,9
4126PL_1,1
4126PL_2,10
4126PL_3,1
4126PL_4,7
4126PL_5,1
4126PL_6,2
4126PL_7,1
4126PL_8,4
4128PL_1,1
4128PL_2,3
4128PL_3,1
4128PL_4,2
4128PL_5,1
4128PL_6,1
4128PL_7,3
412PL_1,1
412PL_2,5
4131PL_1,1
4131PL_2,5
4133PL_1,1
4133PL_2,5
4134PL_1,1
4134PL_2,15
4135PL_1,1
4135PL_2,12
4135PL_3,1
4135PL_4,7
4135PL_5,1
4135PL_6,3
4136PL_1,1
4136PL_2,3
4136PL_3,1
4136PL_4,1
4137PL_1,1
4137PL_2,4
4138PL_1,1
4138PL_10,11
4138PL_11,1
4138PL_12,4
4138PL_13,1
4138PL_14,8
4138PL_15,1
4138PL_16,12
4138PL_17,1
4138PL_18,14
4138PL_19,1
4138PL_2,5
4138PL_20,4
4138PL_21,1
4138PL_22,6
4138PL_23,1
4138PL_24,12
4138PL_25,1
4138PL_26,4
4138PL_27,1
4138PL_28,3
4138PL_29,1
4138PL_3,1
4138PL_30,16
4138PL_31,1
4138PL_32,5
4138PL_4,10
4138PL_5,1
4138PL_6,4
4138PL_7,1
4138PL_8,22
4138PL_9,1
4139PL_1,1
4139PL_2,5
4139PL_3,1
4139PL_4,4
413PL_1,1
413PL_2,3
4142PL_1,1
4142PL_2,1
4143PL_1,1
4143PL_2,3
4143PL_3,1
4143PL_4,2
4145PL_1,1
4145PL_2,28
4145PL_3,1
4145PL_4,1
4147PL_1,1
4147PL_2,21
414PL_1,1
414PL_2,4
4150GB_1,1
4150GB_2,5
4152PL_1,1
4152PL_2,4
4153PL_1,1
4153PL_2,18
4153PL_3,1
4153PL_4,4
4153PL_5,1
4153PL_6,4
4154PL_1,1
4154PL_2,29
4155PL_1,1
4155PL_2,5
4157PL_1,1
4157PL_2,46
4157PL_3,1
4157PL_4,5
4157PL_5,1
4157PL_6,6
4157PL_7,1
4159PL_1,1
4159PL_2,31
415PL_1,5
415PL_10,39
415PL_2,20
415PL_3,4
415PL_4,5
415PL_5,13
415PL_6,4
415PL_7,10
415PL_8,5
415PL_9,4
4162PL_1,1
4162PL_2,5
4164GB_1,1
4164GB_2,5
4164GB_3,1
4164GB_4,5
4165PL_1,1
4165PL_2,4
4167PL_1,1
4167PL_2,3
4167PL_3,1
4167PL_4,8
4167PL_5,1
4168PL_1,1
4168PL_2,3
4168PL_3,1
4168PL_4,14
4168PL_5,1
4170PL_1,1
4170PL_2,20
4174PL_1,1
4174PL_2,5
4174PL_3,1
4174PL_4,2
4175PL_1,1
4175PL_2,4
4178PL_1,1
4178PL_2,4
4187RU_1,1
4187RU_2,1
4187RU_3,1
4187RU_4,1
4188PL_1,1
4188PL_2,4
4189PL_1,1
4189PL_2,6
4191PL_1,1
4191PL_2,25
4192PL_1,1
4192PL_2,6
4193PL_1,1
4193PL_2,7
4193PL_3,1
4193PL_4,19
4196PL_1,1
4196PL_2,5
4197PL_1,1
4197PL_2,8
419PL_1,3
419PL_2,14
41PL_1,1
41PL_2,7
4205PL_1,1
4205PL_2,3
4205PL_3,1
4205PL_4,1
4206PL_1,1
4206PL_2,9
4206PL_3,1
4206PL_4,3
4207PL_1,1
4207PL_2,4
4210PL_1,1
4210PL_2,5
4212PL_1,1
4212PL_2,5
4215PL_1,1
4215PL_2,5
4217PL_1,1
4217PL_2,3
4217PL_3,1
4217PL_4,7
4217PL_5,1
4218PL_1,1
4218PL_2,3
4218PL_3,1
4218PL_4,1
421PL_1,5
4222PL_1,1
4222PL_2,3
4222PL_3,1
4222PL_4,3
4222PL_5,1
4223PL_1,1
4223PL_2,5
4225PL_1,1
4225PL_2,38
4225PL_3,1
4225PL_4,1
4227PL_1,1
4227PL_2,7
4227PL_3,1
4227PL_4,6
4229PL_1,1
4229PL_2,6
4230PL_1,1
4230PL_2,5
4231PL_1,23
4232PL_1,1
4232PL_2,4
4233PL_1,16
4233PL_2,1
4233PL_3,1
4234DE_1,1
4234DE_2,5
4235PL_1,1
4235PL_2,24
4235PL_3,1
4235PL_4,1
4235PL_5,1
4235PL_6,50
4236PL_1,1
4236PL_2,19
4236PL_3,1
4236PL_4,3
4236PL_5,1
4236PL_6,5
4237PL_1,1
4238DE_1,1
4238DE_2,128
4239PL_1,1
4239PL_2,3
423PL_1,1
423PL_2,5
4243PL_1,1
4243PL_2,13
4243PL_3,1
4243PL_4,2
4245PL_1,1
4245PL_2,2
4245PL_3,1
4245PL_4,4
4246PL_1,2
4247PL_1,1
4247PL_2,4
4247PL_3,1
4247PL_4,7
4247PL_5,1
4247PL_6,1
4249PL_1,1
4249PL_2,51
424PL_1,3
424PL_2,1
424PL_3,2
4250PL_1,1
4250PL_2,5
4251PL_1,1
4251PL_2,4
4255PL_1,8
4257PL_1,1
4257PL_2,4
4257PL_3,1
4257PL_4,5
4257PL_5,1
4257PL_6,4
4258PL_1,1
4258PL_2,6
425PL_1,1
425PL_2,5
425PL_3,1
425PL_4,1
425PL_5,1
425PL_6,5
425PL_7,1
425PL_8,1
4260PL_1,1
4260PL_2,6
4261PL_1,1
4261PL_2,7
4262PL_1,1
4262PL_2,4
4262PL_3,1
4262PL_4,3
4263PL_1,1
4263PL_2,5
4263PL_3,1
4264PL_1,1
4264PL_10,7
4264PL_2,6
4264PL_3,1
4264PL_4,7
4264PL_5,1
4264PL_6,6
4264PL_7,1
4264PL_8,6
4264PL_9,1
4268PL_1,1
4268PL_2,5
4269PL_1,1
4269PL_2,8
4269PL_3,1
4269PL_4,37
426PL_1,1
426PL_2,4
4270PL_1,7
4272PL_1,1
4272PL_2,10
4272PL_3,1
4272PL_4,3
4272PL_5,1
4272PL_6,5
4272PL_7,1
4272PL_8,5
4273PL_1,1
4273PL_2,4
4274US_1,1
4276PL_1,1
4276PL_2,13
4277DE_1,1
4277DE_2,7
4277DE_3,1
4277DE_4,6
4277DE_5,1
4277DE_6,11
4278PL_1,1
4278PL_2,3
4278PL_3,1
4278PL_4,2
427PL_1,1
427PL_2,5
427PL_3,1
427PL_4,5
4280DE_1,1
4280DE_10,1
4280DE_11,1
4280DE_12,1
4280DE_13,1
4280DE_14,1
4280DE_15,1
4280DE_16,1
4280DE_17,1
4280DE_18,1
4280DE_19,1
4280DE_2,1
4280DE_20,1
4280DE_21,1
4280DE_22,1
4280DE_23,1
4280DE_24,1
4280DE_25,1
4280DE_26,1
4280DE_27,1
4280DE_28,1
4280DE_3,1
4280DE_4,1
4280DE_5,1
4280DE_6,1
4280DE_7,1
4280DE_8,1
4280DE_9,1
4281GB_1,1
4281GB_2,9
4281GB_3,1
4281GB_4,2
4286PL_1,1
4286PL_2,3
4286PL_3,1
4286PL_4,1
4286PL_5,1
4286PL_6,7
4289PL_1,1
4289PL_2,3
4289PL_3,1
4289PL_4,1
428PL_1,1
428PL_2,17
4290US_1,1
4291PL_1,1
4291PL_2,58
4292PL_1,1
4292PL_2,9
4295PL_1,3
4296PL_1,1
4296PL_2,3
4296PL_3,1
4296PL_4,2
4296PL_5,1
4296PL_6,3
430PL_1,265
431PL_1,1
431PL_2,33
431PL_3,1
431PL_4,4
434PL_1,1
434PL_2,9
434PL_3,1
434PL_4,2
436PL_1,1
436PL_2,3
436PL_3,1
436PL_4,1
437PL_1,1
437PL_2,4
439PL_1,22
440PL_1,1
440PL_2,6
442PL_1,1
442PL_2,3
442PL_3,1
443PL_1,1
443PL_10,9
443PL_11,1
443PL_12,10
443PL_13,1
443PL_14,2
443PL_15,1
443PL_16,3
443PL_17,1
443PL_18,21
443PL_19,1
443PL_2,2
443PL_20,1
443PL_3,1
443PL_4,4
443PL_5,1
443PL_6,5
443PL_7,1
443PL_8,7
443PL_9,1
445PL_1,1
445PL_2,5
450PL_1,1
450PL_10,1
450PL_11,26
450PL_12,1
450PL_13,58
450PL_14,1
450PL_15,43
450PL_16,1
450PL_17,115
450PL_18,1
450PL_19,1
450PL_2,2
450PL_20,3
450PL_21,1
450PL_22,26
450PL_3,1
450PL_4,69
450PL_5,1
450PL_6,1
450PL_7,4
450PL_8,1
450PL_9,37
452PL_1,1
452PL_2,5
454PL_1,1
454PL_2,1
455PL_1,1
455PL_2,7
458US_1,1
463PL_1,1
463PL_2,11
463PL_3,1
476PL_1,1
476PL_2,8
477PL_1,1
477PL_2,14
477PL_3,1
477PL_4,1
478PL_1,1
478PL_10,9
478PL_11,1
478PL_12,2
478PL_13,1
478PL_14,4
478PL_15,1
478PL_16,4
478PL_17,1
478PL_18,15
478PL_19,5
478PL_2,10
478PL_20,1
478PL_21,2
478PL_22,1
478PL_23,4
478PL_3,1
478PL_4,10
478PL_5,1
478PL_6,9
478PL_7,1
478PL_8,11
478PL_9,1
479US_1,1
479US_2,11
479US_3,1
47PL_1,1
47PL_2,3
485PL_1,12
488PL_1,1
488PL_2,5
488PL_3,1
488PL_4,6
489PL_1,1
489PL_2,5
490PL_1,1
490PL_2,10
491PL_1,1
491PL_2,68
492PL_1,1
494PL_1,1
494PL_2,3
494PL_3,1
494PL_4,2
494PL_5,1
494PL_6,5
495PL_1,1
495PL_2,3
495PL_3,1
495PL_4,1
495PL_5,1
496PL_1,1
496PL_10,3
496PL_2,10
496PL_3,1
496PL_4,20
496PL_5,1
496PL_6,21
496PL_7,1
496PL_8,50
496PL_9,1
497PL_1,1
497PL_2,3
497PL_3,1
497PL_4,1
497PL_5,1
497PL_6,1
497PL_7,4
498PL_1,1
498PL_2,5
499PL_1,1
499PL_2,5
4PL_1,401
500PL_1,1
500PL_2,178
500PL_3,563
501PL_1,1
501PL_2,3
501PL_3,1
501PL_4,1
501PL_5,1
502PL_1,1
502PL_2,14
503PL_1,1
503PL_2,6
505PL_1,1
505PL_2,15
507PL_1,1
507PL_2,54
507PL_3,6
507PL_4,1
507PL_5,5
507PL_6,3
507PL_7,20
507PL_8,6
507PL_9,1
508PL_1,1
508PL_2,5
509PL_1,1
509PL_2,5
512PL_1,810
512PL_2,40
513PL_1,1
513PL_2,5
513PL_3,3
513PL_4,5
515US_1,1
516US_1,1
516US_2,1
517US_1,1
517US_2,1
517US_3,1
517US_4,1
517US_5,3
518US_1,4
519US_1,1
519US_2,4
51US_1,1
51US_2,1
51US_3,1
51US_4,1
51US_5,1
51US_6,1
520US_1,5
521US_1,3
522US_1,3
523PL_1,1
523PL_2,2
527PL_1,1
527PL_2,5
529PL_1,1
529PL_2,4
532PL_1,1
532PL_2,5
532PL_3,1
532PL_4,9
532PL_5,1
532PL_6,6
535PL_1,1
535PL_2,5
536PL_1,1
536PL_2,65
536PL_3,1
536PL_4,2
537PL_1,677
540PL_1,1
540PL_10,4
540PL_2,18
540PL_3,1
540PL_4,1
540PL_5,1
540PL_6,35
540PL_7,1
540PL_8,1
540PL_9,1
541PL_1,1
541PL_2,3
541PL_3,1
541PL_4,19
541PL_5,1
541PL_6,2
542PL_1,1
542PL_2,5
543PL_1,4
543PL_2,1
544PL_1,1
544PL_2,1
546PL_1,1
546PL_2,6
546PL_3,1
546PL_4,1
546PL_5,1
546PL_6,1
546PL_7,3
548PL_1,1
548PL_2,4
551PL_1,1
551PL_2,5
551PL_3,1
551PL_4,4
554PL_1,1
554PL_2,8
555PL_1,1
555PL_2,4
556PL_1,1
556PL_2,19
556PL_3,1
556PL_4,11
556PL_5,1
556PL_6,5
556PL_7,1
557PL_1,1
557PL_2,5
558US_1,1
562PL_1,1
562PL_2,5
563PL_1,1
563PL_2,15
563PL_3,1
563PL_4,2
564PL_1,1
564PL_2,1447
564PL_3,1
564PL_4,158
564PL_5,423
564PL_6,35
567PL_1,1
570RU_1,3
570RU_2,2
571PL_1,1
571PL_10,1
571PL_11,5
571PL_12,1
571PL_13,6
571PL_14,1
571PL_15,9
571PL_16,1
571PL_17,4
571PL_18,1
571PL_19,9
571PL_2,14
571PL_20,1
571PL_21,2
571PL_22,1
571PL_23,3
571PL_24,1
571PL_25,11
571PL_26,1
571PL_27,22
571PL_28,1
571PL_29,14
571PL_3,1
571PL_30,1
571PL_31,33
571PL_32,1
571PL_33,11
571PL_34,1
571PL_35,17
571PL_36,1
571PL_37,5
571PL_38,1
571PL_39,17
571PL_4,14
571PL_40,1
571PL_41,31
571PL_42,1
571PL_43,1
571PL_44,3
571PL_45,1
571PL_46,3
571PL_47,1
571PL_48,3
571PL_49,1
571PL_5,7
571PL_50,3
571PL_6,1
571PL_7,4
571PL_8,1
571PL_9,4
574PL_1,1
577PL_1,1
577PL_2,29
577PL_3,1
577PL_4,7
577PL_5,1
579PL_1,1
579PL_2,11
57PL_1,1
57PL_2,5
581PL_1,1
581PL_2,44
581PL_3,1
581PL_4,42
581PL_5,1
581PL_6,5
582VG_1,1
582VG_2,8
582VG_3,1
582VG_4,14
582VG_5,2
582VG_6,8
583PL_1,1
583PL_2,28
583PL_3,3
585PL_1,1
585PL_2,9
586PL_1,1
586PL_2,5
586PL_3,1
586PL_4,1
589SK_1,4
589SK_2,4
589SK_3,3
589SK_4,4
590PL_1,1
590PL_2,5
590PL_3,1
590PL_4,4
590PL_5,1
591PL_1,1
591PL_2,9
591PL_3,1
591PL_4,3
591PL_5,1
591PL_6,4
592PL_1,1
592PL_2,5
594PL_1,1
594PL_2,13
594PL_3,1
594PL_4,4
594PL_5,1
594PL_6,3
594PL_7,1
595PL_1,1
595PL_2,3
595PL_3,1
595PL_4,24
596PL_1,1
596PL_2,9
597PL_1,1
597PL_2,7
598PL_1,1
598PL_2,23
599PL_1,1
599PL_10,1
599PL_100,1
599PL_101,223
599PL_102,1
599PL_103,1
599PL_104,1
599PL_105,1
599PL_106,1
599PL_107,1
599PL_108,1
599PL_109,1
599PL_11,1
599PL_110,1
599PL_111,1
599PL_112,1
599PL_113,1
599PL_114,1
599PL_115,1
599PL_116,1
599PL_117,1
599PL_118,1
599PL_119,1
599PL_12,1
599PL_120,1
599PL_121,1
599PL_122,1
599PL_123,65
599PL_124,1
599PL_125,164
599PL_126,2
599PL_127,1
599PL_128,79
599PL_129,1
599PL_13,1
599PL_130,9
599PL_131,1
599PL_132,8
599PL_133,1
599PL_134,145
599PL_135,1
599PL_136,24
599PL_137,1
599PL_138,20
599PL_139,1
599PL_14,1
599PL_140,67
599PL_141,1
599PL_142,9
599PL_143,1
599PL_144,8
599PL_145,1
599PL_146,11
599PL_147,1
599PL_148,6
599PL_149,1
599PL_15,1
599PL_150,2
599PL_151,1
599PL_152,18
599PL_153,1
599PL_154,24
599PL_155,1
599PL_156,63
599PL_157,1
599PL_158,27
599PL_159,1
599PL_16,1
599PL_160,2
599PL_161,1
599PL_162,39
599PL_163,1
599PL_164,20
599PL_165,1
599PL_166,36
599PL_167,1
599PL_168,87
599PL_169,1
599PL_17,1
599PL_170,29
599PL_18,1
599PL_19,1
599PL_2,1
599PL_20,1
599PL_21,1
599PL_22,1
599PL_23,1
599PL_24,1
599PL_25,1
599PL_26,1
599PL_27,1
599PL_28,1
599PL_29,1
599PL_3,1
599PL_30,1
599PL_31,1
599PL_32,1
599PL_33,1
599PL_34,1
599PL_35,1
599PL_36,1
599PL_37,1
599PL_38,1
599PL_39,1
599PL_4,1
599PL_40,1
599PL_41,1
599PL_42,1
599PL_43,1
599PL_44,1
599PL_45,1
599PL_46,1
599PL_47,1
599PL_48,1
599PL_49,1
599PL_5,1
599PL_50,1
599PL_51,1
599PL_52,1
599PL_53,1
599PL_54,1
599PL_55,1
599PL_56,1
599PL_57,1
599PL_58,1
599PL_59,1
599PL_6,1
599PL_60,1
599PL_61,1
599PL_62,1
599PL_63,22
599PL_64,1
599PL_65,1
599PL_66,1
599PL_67,80
599PL_68,1
599PL_69,21
599PL_7,1
599PL_70,1
599PL_71,167
599PL_72,1
599PL_73,82
599PL_74,1
599PL_75,41
599PL_76,1
599PL_77,3
599PL_78,1
599PL_79,153
599PL_8,1
599PL_80,1
599PL_81,27
599PL_82,1
599PL_83,24
599PL_84,1
599PL_85,42
599PL_86,1
599PL_87,137
599PL_88,25
599PL_89,1
599PL_9,1
599PL_90,403
599PL_91,1
599PL_92,93
599PL_93,1
599PL_94,83
599PL_95,1
599PL_96,67
599PL_97,1
599PL_98,144
599PL_99,73
5PL_1,214
5PL_2,2
5PL_3,1
5PL_4,2
600PL_1,1
600PL_2,5
601PL_1,1
601PL_2,21
602PL_1,1
602PL_2,5
603PL_1,4
603PL_2,4
605PL_1,1
605PL_2,6
605PL_3,1
605PL_4,28
605PL_5,1
605PL_6,4
607PL_1,1
607PL_2,6
612PL_1,1
612PL_2,4
613PL_1,1
613PL_2,122
619PL_1,1
619PL_2,7
619PL_3,1
621PL_1,1
621PL_2,3
621PL_3,1
621PL_4,8
623PL_1,1
624PL_1,13
625PL_1,1
625PL_2,4
629PL_1,1
629PL_2,3
629PL_3,1
629PL_4,1
629PL_5,1
630PL_1,1
630PL_2,5
632PL_1,1
632PL_2,3
634PL_1,1
634PL_2,4
635PL_1,1
635PL_2,9
635PL_3,1
635PL_4,2
635PL_5,1
635PL_6,8
635PL_7,1
635PL_8,6
637PL_1,1
637PL_2,4
637PL_3,1
637PL_4,4
637PL_5,1
637PL_6,28
638PL_1,1
638PL_2,8
63PL_1,1
63PL_2,57
640PL_1,1
640PL_2,12
640PL_3,1
640PL_4,6
640PL_5,1
640PL_6,8
643PL_1,1
643PL_2,9
643PL_3,1
643PL_4,2
643PL_5,1
643PL_6,4
644PL_1,4
645PL_1,1
645PL_2,5
646PL_1,1
646PL_2,7
647PL_1,1
647PL_2,22
647PL_3,1
647PL_4,3
64PL_1,1
64PL_2,5
650PL_1,1
650PL_2,3
650PL_3,1
650PL_4,2
651PL_1,54
651PL_2,8
651PL_3,1
651PL_4,6
652PL_1,1
652PL_2,2
652PL_3,1
652PL_4,1
655PL_1,1
655PL_2,7
656PL_1,5
658PL_1,1
658PL_2,3
65PL_1,3
661PL_1,1
661PL_2,6
664PL_1,1
664PL_2,7
664PL_3,1
664PL_4,3
665PL_1,1
665PL_2,4
666PL_1,1
666PL_2,5
667PL_1,534
670PL_1,1
670PL_2,35
673PL_1,1
673PL_2,1
673PL_3,3
673PL_4,1
673PL_5,2
673PL_6,1
673PL_7,46
675PL_1,1
675PL_10,1
675PL_11,2
675PL_2,3
675PL_3,1
675PL_4,11
675PL_5,1
675PL_6,3
675PL_7,1
675PL_8,8
675PL_9,1
676PL_1,1
676PL_2,3
676PL_3,1
679PL_1,1
679PL_2,20
679PL_3,1
679PL_4,2
67PL_1,1
67PL_2,3
67PL_3,2
67PL_4,1
67PL_5,2
681PL_1,1
681PL_2,32
681PL_3,1
681PL_4,5
682PL_1,1
682PL_2,3
682PL_3,1
682PL_4,1
684PL_1,1
684PL_2,14
684PL_3,1
684PL_4,3
684PL_5,1
684PL_6,95
686PL_1,1
686PL_2,4
686PL_3,1
686PL_4,3
690PL_1,1
690PL_2,5
692PL_1,1
692PL_2,5
694PL_1,1
694PL_2,5
694PL_3,1
694PL_4,4
697PL_1,1
697PL_10,64
697PL_11,1
697PL_12,5
697PL_13,1
697PL_14,13
697PL_2,3
697PL_3,1
697PL_4,1
697PL_5,1
697PL_6,5
697PL_7,1
697PL_8,24
697PL_9,1
6PL_1,302
703PL_1,1
703PL_2,4
704US_1,1
710PL_1,1
710PL_2,16
710PL_3,1
710PL_4,1
710PL_5,1
710PL_6,6
710PL_7,1
710PL_8,1
711PL_1,1
711PL_2,45
712PL_1,1
712PL_2,4
715PL_1,1
715PL_2,8
717PL_1,1
717PL_2,16
717PL_3,1
717PL_4,10
71PL_1,1
71PL_2,17
71PL_3,1
71PL_4,4
720PL_1,1
720PL_2,7
722PL_1,1
722PL_2,5
722PL_3,1
722PL_4,22
722PL_5,1
722PL_6,4
723PL_1,1
723PL_2,199
724PL_1,1
724PL_2,6
725PL_1,1
725PL_2,9
725PL_3,1
725PL_4,8
725PL_5,1
725PL_6,1
725PL_7,1
725PL_8,23
726PL_1,1
726PL_2,5
727PL_1,1
727PL_2,8
729PL_1,1
729PL_2,6
732PL_1,6
734PL_1,1
736PL_1,1
736PL_2,3
736PL_3,1
736PL_4,7
736PL_5,1
736PL_6,4
739PL_1,1
739PL_2,5
73US_1,1
73US_10,6
73US_11,1
73US_12,4
73US_13,1
73US_14,4
73US_15,1
73US_16,4
73US_2,4
73US_3,1
73US_4,4
73US_5,1
73US_6,4
73US_7,1
73US_8,4
73US_9,1
741PL_1,1
746PL_1,1
746PL_2,29
747PL_1,1
747PL_2,5
74PL_1,1
74PL_2,234
753PL_1,1
753PL_2,47
755PL_1,1
755PL_2,9
757PL_1,1
757PL_2,3
757PL_3,1
757PL_4,27
75PL_1,1
760PL_1,395
763PL_1,1
763PL_2,3
763PL_3,1
763PL_4,2
765PL_1,1
765PL_2,5
766PL_1,1
766PL_2,7
767PL_1,1
767PL_2,13
767PL_3,1
767PL_4,22
767PL_5,1
767PL_6,1
771PL_1,1
771PL_2,1
771PL_3,1
771PL_4,9
771PL_5,1
771PL_6,4
771PL_7,1
771PL_8,52
772PL_1,1
772PL_2,940
773PL_1,1
773PL_2,1
773PL_3,1
773PL_4,1
773PL_5,1
773PL_6,1
773PL_7,1
773PL_8,1
774PL_1,1
774PL_2,3
774PL_3,1
774PL_4,11
774PL_5,1
774PL_6,59
775PL_1,1
775PL_2,5
775PL_3,1
775PL_4,4
775PL_5,1
776PL_1,1
776PL_2,6
780PL_1,1
780PL_2,3
781PL_1,1
781PL_2,4
781PL_3,1
781PL_4,3
782PL_1,1
782PL_2,5
783PL_1,1
783PL_2,9
783PL_3,1
783PL_4,2
785PL_1,1
785PL_2,6
786PL_1,1
786PL_2,11
786PL_3,1
786PL_4,4
790PL_1,1
790PL_2,7
790PL_3,1
790PL_4,11
790PL_5,1
790PL_6,19
792PL_1,1
792PL_2,3
792PL_3,1
794PL_1,1
794PL_2,5
795PL_1,1
795PL_2,5
796PL_1,1
796PL_2,12
796PL_3,4
799PL_1,43
799PL_2,145
799PL_3,17
7PL_1,324
7PL_2,757
801PL_1,1
801PL_2,3
808PL_1,1
808PL_2,2
808PL_3,1
808PL_4,2
808PL_5,1
809PL_1,1
809PL_2,5
810PL_1,1
810PL_2,51
811PL_1,1
811PL_2,11
811PL_3,1
813PL_1,1
813PL_2,3
813PL_3,1
813PL_4,1
813PL_5,1
814PL_1,1
814PL_2,5
817PL_1,1
817PL_2,6
819PL_1,1
819PL_2,19
819PL_3,1
819PL_4,2
819PL_5,1
819PL_6,1
81PL_1,1
81PL_2,6
81PL_3,1
81PL_4,4
820PL_1,1
820PL_2,4
820PL_3,1
820PL_4,3
821PL_1,1
821PL_2,20
821PL_3,4
825PL_1,1
825PL_2,5
828PL_1,1
828PL_2,10
828PL_3,1
828PL_4,2
829PL_1,1
829PL_2,15
829PL_3,1
829PL_4,25
829PL_5,28
830PL_1,6
836PL_1,1
836PL_2,5
836PL_3,1
836PL_4,2
839PL_1,1
839PL_2,3
839PL_3,1
839PL_4,1
840PL_1,1
840PL_2,5
841PL_1,1
841PL_2,40
841PL_3,1
841PL_4,1
841PL_5,1
841PL_6,10
841PL_7,1
841PL_8,1
843PL_1,1
843PL_2,15
843PL_3,1
843PL_4,36
843PL_5,1
843PL_6,4
844PL_1,1
846PL_1,1
846PL_2,7
846PL_3,1
846PL_4,14
84PL_1,2
850PL_1,1
850PL_10,70
850PL_11,1
850PL_12,16
850PL_13,1
850PL_14,40
850PL_15,1
850PL_16,2
850PL_17,1
850PL_18,7
850PL_19,1
850PL_2,5
850PL_20,7
850PL_21,1
850PL_22,4
850PL_23,1
850PL_24,53
850PL_25,1
850PL_26,66
850PL_3,1
850PL_4,4
850PL_5,1
850PL_6,16
850PL_7,1
850PL_8,9
850PL_9,1
852PL_1,1
852PL_2,7
852PL_3,1
852PL_4,10
854PL_1,1
854PL_10,64
854PL_11,1
854PL_12,271
854PL_13,1
854PL_14,1
854PL_15,1
854PL_16,10
854PL_17,1
854PL_18,2
854PL_2,16
854PL_3,3
854PL_4,1
854PL_5,1
854PL_6,114
854PL_7,1
854PL_8,31
854PL_9,2
858PL_1,1
858PL_2,3
858PL_3,1
858PL_4,17
859PL_1,1
859PL_2,4
85PL_1,1
85PL_2,4
85PL_3,1
85PL_4,3
863PL_1,1
863PL_2,3
863PL_3,1
863PL_4,1
863PL_5,1
864PL_1,1
864PL_2,6
864PL_3,1
865PL_1,1
865PL_2,7
866PL_1,1
866PL_2,5
867PL_1,1
867PL_2,3
867PL_3,1
867PL_4,18
867PL_5,1
867PL_6,4
868PL_1,1
868PL_2,8
870PL_1,1
870PL_2,100
870PL_3,1
870PL_4,1
871PL_1,1
871PL_2,5
872PL_1,1
872PL_2,4
873PL_1,1
873PL_10,1
873PL_11,4
873PL_12,1
873PL_13,3
873PL_2,52
873PL_3,1
873PL_4,14
873PL_5,1
873PL_6,8
873PL_7,1
873PL_8,1
873PL_9,34
875PL_1,1
878PL_1,1
878PL_2,89
878PL_3,1
878PL_4,4
879PL_1,1
879PL_2,4
87PL_1,1
87PL_2,4
880PL_1,1
881PL_1,1
881PL_2,3
882PL_1,1
882PL_2,5
884PL_1,1
884PL_2,2
884PL_3,1
884PL_4,16
884PL_5,1
884PL_6,2
884PL_7,1
884PL_8,3
886PL_1,1
886PL_10,1
886PL_11,2
886PL_2,17
886PL_3,3
886PL_4,1
886PL_5,1
886PL_6,1
886PL_7,2
886PL_8,1
886PL_9,2
887PL_1,1
887PL_2,9
887PL_3,1
887PL_4,2
888PL_1,1
888PL_2,307
888PL_3,1
888PL_4,10
892PL_1,1
892PL_2,9
893PL_1,1
893PL_2,31
893PL_3,1
893PL_4,2
896PL_1,1
896PL_2,7
897PL_1,1
897PL_2,5
899PL_1,2
899PL_2,5
900PL_1,1
900PL_2,10
901PL_1,1
901PL_2,3
902PL_1,1
902PL_2,6
903PL_1,1
903PL_2,13
903PL_3,1
903PL_4,1
904IN_1,1
905PL_1,1
905PL_2,6
906PL_1,1
906PL_2,4
906PL_3,1
906PL_4,5
906PL_5,1
906PL_6,5
907PL_1,1
907PL_2,3
907PL_3,1
907PL_4,1
907PL_5,1
907PL_6,3
908PL_1,1
908PL_2,5
909PL_1,1
909PL_2,3
909PL_3,1
909PL_4,1
909PL_5,1
909PL_6,7
909PL_7,1
909PL_8,379
90PL_1,1
90PL_2,3
90PL_3,1
90PL_4,1
910PL_1,1
910PL_2,5
910PL_3,1
910PL_4,3
911PL_1,1
911PL_2,26
911PL_3,3
912PL_1,1
912PL_2,11
918PL_1,1
918PL_2,10
918PL_3,1
920PL_1,1
920PL_2,5
922US_1,1
925PL_1,5
925PL_2,19
925PL_3,5
925PL_4,17
925PL_5,11
926PL_1,1
926PL_2,3
926PL_3,1
926PL_4,1
927PL_1,1
927PL_10,41
927PL_11,1
927PL_12,29
927PL_2,23
927PL_3,1
927PL_4,27
927PL_5,1
927PL_6,5
927PL_7,1
927PL_8,2
927PL_9,1
928PL_1,1
928PL_2,42
928PL_3,1
928PL_4,1
929PL_1,1
929PL_2,5
930PL_1,1
930PL_2,3
930PL_3,1
930PL_4,2
931PL_1,1
931PL_2,5
931PL_3,1
932PL_1,1
932PL_2,5
933PL_1,1
933PL_2,543
933PL_3,92
934PL_1,1
934PL_2,5
939PL_1,1
939PL_2,17
939PL_3,1
939PL_4,4
93PL_1,1
93PL_2,5
940PL_1,1
940PL_2,3
940PL_3,1
940PL_4,1
943PL_1,1
943PL_2,11
943PL_3,1
943PL_4,4
944PL_1,1
944PL_2,13
944PL_3,1
944PL_4,3
945PL_1,1
945PL_2,2
945PL_3,1
945PL_4,21
945PL_5,1
945PL_6,2
946PL_1,1
946PL_2,10
946PL_3,1
946PL_4,1
949PL_1,1
949PL_2,5
94PL_1,1
94PL_2,4
950PL_1,7
950PL_10,1
950PL_100,1
950PL_101,15
950PL_102,1
950PL_103,30
950PL_104,1
950PL_105,31
950PL_106,1
950PL_107,79
950PL_108,1
950PL_109,82
950PL_11,39
950PL_110,1
950PL_111,27
950PL_112,1
950PL_113,7
950PL_114,1
950PL_115,11
950PL_116,1
950PL_117,8
950PL_118,1
950PL_119,12
950PL_12,1
950PL_120,1
950PL_121,10
950PL_122,1
950PL_123,13
950PL_124,1
950PL_125,7
950PL_126,1
950PL_127,18
950PL_128,1
950PL_129,17
950PL_13,26
950PL_130,1
950PL_131,18
950PL_132,1
950PL_133,8
950PL_134,1
950PL_135,7
950PL_136,1
950PL_137,4
950PL_138,1
950PL_139,22
950PL_14,1
950PL_140,1
950PL_141,22
950PL_142,1
950PL_143,45
950PL_144,1
950PL_145,65
950PL_146,1
950PL_147,94
950PL_148,1
950PL_149,12
950PL_15,72
950PL_150,1
950PL_151,46
950PL_152,1
950PL_153,113
950PL_154,1
950PL_155,7
950PL_156,1
950PL_157,13
950PL_158,1
950PL_159,19
950PL_16,1
950PL_160,1
950PL_161,23
950PL_162,1
950PL_163,15
950PL_164,1
950PL_165,77
950PL_166,1
950PL_167,17
950PL_168,1
950PL_169,113
950PL_17,15
950PL_170,1
950PL_171,34
950PL_172,275
950PL_173,1
950PL_174,29
950PL_175,1
950PL_176,20
950PL_177,1
950PL_178,10
950PL_179,1
950PL_18,1
950PL_180,71
950PL_181,1
950PL_182,17
950PL_183,1
950PL_184,3
950PL_185,1
950PL_186,5
950PL_187,1
950PL_188,72
950PL_189,1
950PL_19,13
950PL_190,521
950PL_2,1
950PL_20,1
950PL_21,47
950PL_22,1
950PL_23,130
950PL_24,1
950PL_25,21
950PL_26,1
950PL_27,37
950PL_28,1
950PL_29,48
950PL_3,1
950PL_30,1
950PL_31,14
950PL_32,1
950PL_33,16
950PL_34,1
950PL_35,101
950PL_36,1
950PL_37,4
950PL_38,1
950PL_39,12
950PL_4,1
950PL_40,1
950PL_41,13
950PL_42,1
950PL_43,2
950PL_44,1
950PL_45,123
950PL_46,1
950PL_47,8
950PL_48,1
950PL_49,9
950PL_5,1
950PL_50,1
950PL_51,18
950PL_52,1
950PL_53,2
950PL_54,1
950PL_55,1
950PL_56,1
950PL_57,1
950PL_58,1
950PL_59,1
950PL_6,1
950PL_60,1
950PL_61,1
950PL_62,1
950PL_63,1
950PL_64,1
950PL_65,1
950PL_66,136
950PL_67,1
950PL_68,7
950PL_69,1
950PL_7,1
950PL_70,9
950PL_71,1
950PL_72,24
950PL_73,1
950PL_74,34
950PL_75,1
950PL_76,1
950PL_77,1
950PL_78,1
950PL_79,1
950PL_8,1
950PL_80,1
950PL_81,1
950PL_82,1
950PL_83,90
950PL_84,1
950PL_85,34
950PL_86,1
950PL_87,41
950PL_88,1
950PL_89,25
950PL_9,1
950PL_90,1
950PL_91,40
950PL_92,1
950PL_93,7
950PL_94,1
950PL_95,19
950PL_96,1
950PL_97,7
950PL_98,1
950PL_99,156
954PL_1,1
954PL_2,35
955PL_1,1
955PL_10,5
955PL_11,1
955PL_12,7
955PL_13,1
955PL_14,30
955PL_2,2
955PL_3,1
955PL_4,34
955PL_5,1
955PL_6,11
955PL_7,1
955PL_8,5
955PL_9,1
956PL_1,8
957PL_1,1
957PL_2,39
959PL_1,1
959PL_2,4
959PL_3,1
959PL_4,4
964US_1,1
965PL_1,1
965PL_2,61
967PL_1,1
967PL_2,7
96PL_1,1
96PL_2,6
96PL_3,1
96PL_4,5
973PL_1,5
973PL_2,20
976PL_1,1
976PL_10,6
976PL_11,1
976PL_12,7
976PL_2,12
976PL_3,1
976PL_4,4
976PL_5,1
976PL_6,8
976PL_7,1
976PL_8,6
976PL_9,1
978PL_1,1
978PL_2,3
978PL_3,1
978PL_4,1
979PL_1,1
979PL_2,3
979PL_3,3
980PL_1,1
980PL_2,3
980PL_3,1
980PL_4,1
982PL_1,1
982PL_2,6
983PL_1,1
983PL_2,4
983PL_3,1
984PL_1,1
984PL_2,5
985PL_1,1
985PL_2,39
985PL_3,2
989PL_1,1
989PL_2,7
992PL_1,1
992PL_2,10
992PL_3,1
992PL_4,2
995PL_1,1
995PL_2,84
997PL_1,30
997PL_2,48
99PL_1,1
99PL_2,5
9PL_1,18
9PL_2,2
9PL_3,2
